epoch,wall_s,sim_s,entropy_bits,zlib_bits,high_order_entropy,mean_steps,frac_copy_runs,frac_term_budget,frac_term_off_region,frac_term_unmatched,runs,steps,mutations,distinct_windows,n_persistent,A_t
0,0.021,0.0,7.997113,8.003174,-0.006061,0.0,0.0,0.0,0.0,0.0,0,0,0,58368,0,0
20,0.078,0.03,7.995208,7.923828,0.07138,564.7835,0.522656,0.052832,0.638184,0.308984,10240,5783383,333,57679,0,0
40,0.145,0.053,7.993928,7.848755,0.145173,546.2103,0.521387,0.050684,0.634375,0.314941,10240,5593193,310,57134,0,0
60,0.258,0.102,7.993014,7.821167,0.171847,552.3972,0.511523,0.051758,0.62334,0.324902,10240,5656547,348,56970,0,0
80,0.358,0.136,7.992694,7.81897,0.173724,547.7587,0.521582,0.052441,0.627637,0.319922,10240,5609049,307,56976,0,0
100,0.393,0.152,7.991542,7.782593,0.208949,535.7823,0.517383,0.05127,0.615918,0.332812,10240,5486411,306,56745,16,16
120,0.427,0.168,7.990312,7.75061,0.239702,499.1587,0.503809,0.047656,0.612207,0.340137,10240,5111385,313,56541,31,31
140,0.463,0.184,7.988532,7.699951,0.288581,521.8821,0.512207,0.051367,0.611719,0.336914,10240,5344073,321,56245,37,38
160,0.498,0.201,7.98552,7.652466,0.333054,528.0729,0.511816,0.05127,0.616016,0.332715,10240,5407467,289,55915,39,40
180,0.533,0.217,7.985163,7.639404,0.345759,542.1947,0.504102,0.05332,0.615918,0.330762,10240,5552074,285,55874,44,45
200,0.605,0.238,7.984207,7.628296,0.355911,569.7208,0.502832,0.057227,0.627051,0.315723,10240,5833941,322,55855,48,49
220,0.682,0.272,7.983346,7.616577,0.366769,571.1696,0.507324,0.057324,0.626562,0.316113,10240,5848777,298,55823,57,58
240,0.742,0.305,7.982349,7.590942,0.391407,566.8702,0.506836,0.056836,0.638281,0.304883,10240,5804751,337,55748,59,61
260,0.778,0.322,7.980849,7.570435,0.410415,588.1618,0.509668,0.059082,0.640625,0.300293,10240,6022777,298,55621,62,65
280,0.813,0.339,7.980637,7.561646,0.418992,570.9962,0.510449,0.057031,0.645117,0.297852,10240,5847001,311,55600,64,68
300,0.851,0.357,7.979593,7.566772,0.412821,562.388,0.512207,0.055957,0.633691,0.310352,10240,5758853,321,55701,66,70
320,0.89,0.377,7.979368,7.578003,0.401365,578.0945,0.503906,0.058301,0.634668,0.307031,10240,5919688,310,55871,72,76
340,0.926,0.395,7.979085,7.585083,0.394002,597.4354,0.49707,0.06084,0.624512,0.314648,10240,6117739,330,55975,75,79
360,0.963,0.413,7.978658,7.581543,0.397115,593.5975,0.494727,0.060547,0.611914,0.327539,10240,6078438,333,56008,73,79
380,0.999,0.431,7.975283,7.549805,0.425478,581.4115,0.495996,0.058789,0.610254,0.330957,10240,5953654,302,55844,73,80
400,1.046,0.448,7.97325,7.548218,0.425032,596.2823,0.49873,0.061133,0.607031,0.331836,10240,6105931,315,55863,70,81
420,1.081,0.465,7.972092,7.551147,0.420944,568.9209,0.494727,0.057812,0.604883,0.337305,10240,5825750,301,55917,69,81
440,1.117,0.483,7.971249,7.554688,0.416561,608.1115,0.497949,0.062598,0.604102,0.333301,10240,6227062,334,56003,69,84
460,1.153,0.501,7.970339,7.5625,0.407839,595.8046,0.49043,0.061328,0.596387,0.342285,10240,6101039,271,56099,68,85
480,1.19,0.519,7.967227,7.543701,0.423526,616.6937,0.501953,0.063574,0.598828,0.337598,10240,6314943,283,55980,68,88
500,1.229,0.538,7.966797,7.541748,0.425049,627.3909,0.495508,0.064746,0.599121,0.336133,10240,6424483,323,56014,68,88
520,1.275,0.556,7.966763,7.523804,0.442959,602.7474,0.49668,0.06123,0.600293,0.338477,10240,6172133,316,55926,69,89
540,1.349,0.594,7.962245,7.4729,0.489344,596.815,0.491016,0.060742,0.609863,0.329395,10240,6111386,325,55569,69,89
560,1.425,0.628,7.960815,7.450684,0.510132,608.0396,0.499609,0.062012,0.618262,0.319727,10240,6226325,310,55448,69,89
580,1.486,0.662,7.959273,7.433472,0.525801,586.8633,0.502637,0.05957,0.621387,0.319043,10240,6009480,292,55379,71,90
600,1.522,0.68,7.956569,7.412964,0.543605,605.4833,0.511523,0.062109,0.626367,0.311523,10240,6200149,355,55275,72,93
620,1.559,0.697,7.951464,7.396484,0.554979,583.5563,0.512207,0.059082,0.620312,0.320605,10240,5975617,289,55199,73,95
640,1.595,0.715,7.946381,7.388916,0.557465,581.3387,0.516309,0.058496,0.623926,0.317578,10240,5952908,288,55221,75,99
660,1.631,0.732,7.94165,7.384521,0.557128,572.5672,0.51543,0.057715,0.629102,0.313184,10240,5863088,318,55282,76,103
680,1.668,0.75,7.93549,7.366455,0.569035,565.3955,0.526465,0.056543,0.63252,0.310938,10240,5789650,285,55204,78,105
700,1.704,0.768,7.933811,7.351318,0.582492,570.5098,0.538086,0.05752,0.636035,0.306445,10240,5842020,311,55182,78,107
720,1.741,0.785,7.929075,7.330444,0.598631,571.0262,0.547168,0.057227,0.644434,0.29834,10240,5847308,332,55072,76,107
740,1.777,0.802,7.927266,7.324219,0.603047,576.7829,0.551074,0.058008,0.651172,0.29082,10240,5906257,308,55085,77,109
760,1.813,0.82,7.917389,7.300659,0.61673,569.2281,0.548535,0.056836,0.661816,0.281348,10240,5828896,344,54956,76,109
780,1.854,0.837,7.915306,7.283691,0.631614,562.4379,0.550195,0.056152,0.670898,0.272949,10240,5759364,327,54946,80,113
800,1.892,0.856,7.909136,7.249756,0.65938,604.9845,0.559375,0.061133,0.684766,0.254102,10240,6195041,302,54726,80,115
820,1.93,0.874,7.901671,7.224243,0.677428,571.066,0.55166,0.057031,0.697266,0.245703,10240,5847716,305,54580,80,117
840,1.966,0.892,7.898561,7.220459,0.678102,582.5018,0.549219,0.058105,0.70752,0.234375,10240,5964818,320,54679,80,118
860,2.003,0.91,7.893896,7.208008,0.685888,570.5031,0.554492,0.056836,0.71084,0.232324,10240,5841952,295,54605,80,121
880,2.039,0.927,7.893503,7.227905,0.665597,549.1434,0.547949,0.054395,0.713379,0.232227,10240,5623228,314,54862,81,122
900,2.076,0.945,7.889985,7.24585,0.644135,562.8249,0.547559,0.056055,0.710059,0.233887,10240,5763327,333,55084,80,124
920,2.112,0.963,7.887084,7.26001,0.627074,564.5976,0.555762,0.055957,0.712793,0.23125,10240,5781479,317,55278,75,124
940,2.149,0.981,7.875142,7.24939,0.625752,572.3205,0.542578,0.057129,0.707715,0.235156,10240,5860562,328,55253,74,124
960,2.186,0.999,7.875653,7.255981,0.619671,569.7499,0.542773,0.056836,0.702637,0.240527,10240,5834239,326,55367,75,126
980,2.223,1.017,7.867539,7.255249,0.61229,588.7035,0.541797,0.059082,0.704688,0.23623,10240,6028324,341,55421,74,126
1000,2.285,1.041,7.861086,7.24646,0.614626,611.2324,0.543848,0.061426,0.709375,0.229199,10240,6259020,304,55419,72,127
1020,2.365,1.075,7.857627,7.24231,0.615318,575.0942,0.554297,0.056934,0.716797,0.22627,10240,5888965,286,55435,71,129
1040,2.435,1.107,7.855827,7.239136,0.616691,580.9521,0.559473,0.057617,0.722559,0.219824,10240,5948950,326,55425,69,130
1060,2.514,1.146,7.851945,7.229126,0.622819,605.9278,0.550488,0.06084,0.724023,0.215137,10240,6204701,294,55396,68,131
1080,2.573,1.181,7.8486,7.24646,0.60214,604.7875,0.554297,0.06084,0.72627,0.212891,10240,6193024,293,55587,63,132
1100,2.612,1.2,7.845771,7.249756,0.596015,586.7396,0.574512,0.058594,0.737012,0.204395,10240,6008214,328,55625,63,133
1120,2.65,1.219,7.846456,7.266479,0.579976,590.3241,0.574219,0.059082,0.737109,0.203809,10240,6044919,265,55757,62,133
1140,2.687,1.238,7.840377,7.263428,0.576949,611.7562,0.57168,0.061426,0.73252,0.206055,10240,6264384,292,55685,60,134
1160,2.726,1.257,7.834076,7.247192,0.586883,619.552,0.566992,0.062402,0.738281,0.199316,10240,6344212,290,55613,61,135
1180,2.765,1.276,7.821628,7.251099,0.57053,598.4313,0.566211,0.059961,0.735156,0.204883,10240,6127937,282,55728,58,136
1200,2.802,1.295,7.814556,7.269653,0.544903,590.5439,0.582227,0.058984,0.734863,0.206152,10240,6047170,284,55912,57,136
1220,2.84,1.314,7.806008,7.286865,0.519142,595.6946,0.591309,0.059863,0.733789,0.206348,10240,6099913,331,56081,54,137
1240,2.879,1.334,7.791023,7.279419,0.511604,607.743,0.616504,0.061035,0.743066,0.195898,10240,6223288,272,56070,55,139
1260,2.942,1.357,7.784309,7.277954,0.506355,600.7841,0.625977,0.060254,0.748828,0.190918,10240,6152029,294,56118,53,139
1280,3.022,1.397,7.780911,7.271973,0.508939,647.263,0.618164,0.06543,0.749316,0.185254,10240,6627973,301,56127,52,143
1300,3.089,1.437,7.767506,7.263916,0.50359,640.2963,0.620703,0.064648,0.744629,0.190723,10240,6556634,311,56116,52,145
1320,3.127,1.457,7.759156,7.266113,0.493042,653.3276,0.631348,0.066504,0.751074,0.182422,10240,6690075,317,56132,51,147
1340,3.167,1.477,7.757813,7.266602,0.491211,650.96,0.628516,0.066309,0.750391,0.183301,10240,6665830,303,56207,49,148
1360,3.206,1.497,7.750916,7.28186,0.469056,668.5334,0.635059,0.067773,0.757227,0.175,10240,6845782,336,56361,46,148
1380,3.245,1.518,7.754907,7.282349,0.472559,672.1657,0.623828,0.068848,0.759082,0.17207,10240,6882977,312,56431,43,152
1400,3.285,1.539,7.753576,7.282349,0.471227,689.7248,0.62334,0.07041,0.770605,0.158984,10240,7062782,338,56494,39,153
1420,3.324,1.559,7.751281,7.268188,0.483093,661.7138,0.608203,0.066992,0.780078,0.15293,10240,6775949,315,56401,41,154
1440,3.363,1.579,7.755987,7.284058,0.47193,626.9934,0.610254,0.062988,0.781055,0.155957,10240,6420412,306,56460,37,154
1460,3.419,1.6,7.754603,7.297607,0.456996,655.3459,0.605176,0.066309,0.779492,0.154199,10240,6710742,283,56581,37,154
1480,3.533,1.658,7.755142,7.308472,0.44667,637.1409,0.599316,0.063672,0.777344,0.158984,10240,6524323,298,56619,40,154
1500,3.598,1.699,7.758608,7.328735,0.429872,615.1422,0.607715,0.06123,0.784375,0.154395,10240,6299056,328,56728,40,154
1520,3.638,1.718,7.759059,7.332886,0.426173,621.0241,0.597559,0.061914,0.785156,0.15293,10240,6359287,327,56737,41,155
1540,3.677,1.738,7.753828,7.329224,0.424605,619.3585,0.602246,0.061719,0.788965,0.149316,10240,6342231,324,56760,41,156
1560,3.716,1.757,7.758898,7.346924,0.411975,585.5385,0.593457,0.057422,0.788086,0.154492,10240,5995914,298,56834,39,157
1580,3.755,1.778,7.757138,7.365112,0.392026,618.8103,0.604883,0.061816,0.781152,0.157031,10240,6336617,300,56939,35,157
1600,3.794,1.797,7.750699,7.351074,0.399625,603.8506,0.618555,0.05957,0.780078,0.160352,10240,6183430,318,56900,38,160
1620,3.833,1.816,7.750914,7.355347,0.395567,592.0935,0.644824,0.058496,0.78291,0.158594,10240,6063037,335,56908,39,161
1640,3.872,1.836,7.738253,7.327148,0.411104,573.0904,0.662305,0.056055,0.791895,0.152051,10240,5868446,320,56705,38,161
1660,3.911,1.855,7.740599,7.344727,0.395872,583.1072,0.665234,0.057129,0.791113,0.151758,10240,5971018,321,56822,37,161
1680,3.954,1.878,7.741707,7.3396,0.402107,573.1431,0.654688,0.055859,0.792676,0.151465,10240,5868985,303,56788,40,162
1700,3.993,1.898,7.740617,7.321655,0.418961,588.92,0.662695,0.057617,0.805762,0.136621,10240,6030541,290,56613,41,162
1720,4.033,1.917,7.732853,7.31897,0.413883,577.0999,0.667285,0.055957,0.811426,0.132617,10240,5909503,313,56641,41,163
1740,4.071,1.936,7.736436,7.334229,0.402208,561.5267,0.661719,0.054492,0.821387,0.124121,10240,5750033,335,56744,40,163
1760,4.11,1.955,7.735176,7.341675,0.393502,579.526,0.649902,0.056641,0.815332,0.128027,10240,5934346,307,56752,40,164
1780,4.149,1.974,7.733382,7.359619,0.373763,565.9382,0.65127,0.05498,0.813672,0.131348,10240,5795207,313,56887,44,166
1800,4.192,1.994,7.739273,7.369019,0.370254,596.1298,0.645703,0.058691,0.80459,0.136719,10240,6104369,322,56963,43,166
1820,4.268,2.03,7.73632,7.372192,0.364128,576.1868,0.650684,0.05625,0.808008,0.135742,10240,5900153,304,57016,40,166
1840,4.347,2.065,7.728256,7.354736,0.37352,555.7578,0.666797,0.053613,0.812988,0.133398,10240,5690960,283,56942,40,166
1860,4.385,2.084,7.724675,7.362061,0.362615,543.0523,0.685547,0.051953,0.816895,0.131152,10240,5560856,303,56995,40,166
1880,4.423,2.103,7.72691,7.371338,0.355572,539.0245,0.689844,0.051562,0.816113,0.132324,10240,5519611,323,57052,38,166
1900,4.461,2.122,7.729731,7.37146,0.358271,529.4539,0.695898,0.05,0.822559,0.127441,10240,5421608,320,57066,38,166
1920,4.498,2.14,7.726005,7.362305,0.3637,513.6817,0.700684,0.047949,0.829785,0.122266,10240,5260101,355,57052,36,167
1940,4.535,2.158,7.719025,7.359619,0.359406,518.2607,0.694727,0.048926,0.841211,0.109863,10240,5306990,287,57043,35,168
1960,4.573,2.176,7.718958,7.36731,0.351649,496.7831,0.685742,0.046289,0.836523,0.117188,10240,5087059,335,57037,35,168
1980,4.61,2.195,7.720019,7.384033,0.335985,528.1012,0.692676,0.049316,0.842383,0.108301,10240,5407756,338,57155,33,168
2000,4.65,2.215,7.719292,7.387329,0.331963,547.1949,0.702441,0.051855,0.837695,0.110449,10240,5603276,288,57243,34,168
