epoch,wall_s,sim_s,entropy_bits,comp_bits,high_order_entropy,brotli2_bits,zlib_bits,hoe_zlib,mean_steps,frac_copy_runs,frac_steps_in_loop,ops_per_run,copies_per_run,frac_term_budget,frac_term_off_region,frac_term_unmatched,runs,steps,mutations,distinct_windows,n_persistent,A_t,n_persistent_naive,A_t_naive,distinct_tapes,distinct_labels
0,1.401,0.0,7.99992,8.000019,-9.9e-05,8.000019,8.002464,-0.002544,0.0,0.0,0.0,0.0,0.0,0.0,0.0,0.0,0,0,0,1867776,0,0,0,0,32768,
250,15.719,13.138,7.995924,7.92664,0.069284,7.970413,7.910854,0.085069,729.8919,0.517271,0.866326,99.3355,6.1055,0.076369,0.606358,0.317272,4096000,2989637270,128240,1854157,0,0,0,0,32768,
500,30.511,26.925,7.99178,7.909664,0.082116,7.961483,7.88221,0.109571,775.1762,0.529039,0.878306,116.8876,7.0126,0.082862,0.571228,0.34591,4096000,3175121630,127171,1853746,0,0,0,0,32768,
750,45.395,40.781,7.988257,7.895527,0.09273,7.958824,7.861767,0.12649,784.7645,0.539232,0.882282,128.0401,8.1715,0.084421,0.550833,0.364746,4096000,3214395561,128054,1854149,0,0,0,0,32768,
1000,60.076,54.564,7.985356,7.881248,0.104108,7.954117,7.843472,0.141885,784.5149,0.545364,0.884018,134.5218,10.3394,0.084602,0.536791,0.378607,4096000,3213373105,127693,1854007,0,0,0,0,32768,
1250,75.239,68.703,7.981736,7.869289,0.112447,7.949417,7.831196,0.150541,793.252,0.551097,0.88657,142.3756,11.051,0.085782,0.526968,0.38725,4096000,3249160097,128100,1854227,197,197,197,197,32768,
1500,90.929,83.059,7.979492,7.862061,0.117431,7.948826,7.822124,0.157367,790.4894,0.553285,0.887317,141.9981,10.8376,0.085544,0.518234,0.396221,4096000,3237844655,128518,1854291,197,208,197,208,32768,
1750,106.397,97.214,7.977072,7.859135,0.117937,7.948067,7.816437,0.160635,793.8726,0.552924,0.888911,138.8623,10.6609,0.086117,0.509824,0.404059,4096000,3251702072,127740,1855011,191,218,191,218,32768,
2000,121.504,111.131,7.974475,7.853607,0.120868,7.944424,7.809326,0.165149,794.4137,0.556503,0.889357,143.0136,10.2031,0.086205,0.507314,0.406482,4096000,3253918405,127491,1855251,180,222,180,222,32768,
2250,136.802,125.301,7.972909,7.846409,0.1265,7.941628,7.803822,0.169087,805.6467,0.561688,0.891003,153.5615,10.496,0.087599,0.507583,0.404817,4096000,3299929081,127612,1854918,188,235,188,235,32768,
2500,152.51,139.827,7.971242,7.848118,0.123125,7.94096,7.79948,0.171762,807.3286,0.562763,0.891703,160.4801,10.5715,0.087855,0.504739,0.407406,4096000,3306817840,127528,1855517,183,242,183,242,32768,
2750,167.915,154.067,7.969334,7.843681,0.125653,7.938629,7.793163,0.176171,804.7749,0.563627,0.891913,162.0798,11.1696,0.087559,0.500585,0.411856,4096000,3296358133,128056,1855439,177,248,177,248,32768,
3000,183.325,168.346,7.968103,7.839878,0.128225,7.934788,7.787216,0.180887,810.6847,0.569229,0.893023,163.3973,11.3611,0.088345,0.496964,0.414691,4096000,3320564671,127694,1855146,178,251,178,251,32768,
3250,198.429,182.534,7.966719,7.831131,0.135588,7.9282,7.778866,0.187853,809.0396,0.569311,0.893468,166.8355,11.6578,0.08817,0.490499,0.421332,4096000,3313826158,128273,1854017,185,253,185,253,32768,
3500,213.726,196.92,7.964943,7.831364,0.133579,7.931084,7.780399,0.184544,811.2063,0.571255,0.894136,168.427,11.4987,0.088525,0.488089,0.423386,4096000,3322700972,128241,1854965,183,253,183,253,32768,
3750,228.824,211.077,7.962218,7.819473,0.142745,7.923058,7.772518,0.1897,796.9836,0.572698,0.893219,167.1323,11.6425,0.086849,0.480592,0.432559,4096000,3264444663,128116,1853717,186,256,186,256,32768,
4000,244.346,225.296,7.960109,7.818153,0.141955,7.920162,7.766586,0.193523,798.8888,0.572758,0.894049,169.3124,11.5805,0.087174,0.475949,0.436877,4096000,3272248514,128047,1854227,188,256,188,256,32768,
4250,259.475,239.439,7.959432,7.812656,0.146776,7.916416,7.762405,0.197027,788.8187,0.574934,0.892886,165.9243,12.0464,0.085913,0.475229,0.438858,4096000,3231001198,127880,1853760,188,256,188,256,32768,
4500,274.552,253.592,7.957666,7.812553,0.145112,7.914955,7.761227,0.196439,782.47,0.575944,0.892104,165.2979,11.2788,0.085132,0.47551,0.439357,4096000,3204997270,127656,1853865,184,256,184,256,32768,
4750,289.341,267.536,7.955429,7.805294,0.150135,7.910011,7.754406,0.201023,778.4067,0.578259,0.891846,165.8873,10.8914,0.084685,0.473324,0.441991,4096000,3188353761,128357,1853434,186,256,186,256,32768,
5000,304.161,281.263,7.953978,7.80761,0.146369,7.912453,7.755344,0.198634,768.4284,0.580141,0.890873,158.6363,11.0225,0.083466,0.470443,0.446091,4096000,3147482707,128274,1853973,187,256,187,256,32768,
5250,318.661,294.781,7.95283,7.805756,0.147075,7.908585,7.751457,0.201373,769.6599,0.58099,0.891436,159.7041,11.3933,0.083629,0.468023,0.448348,4096000,3152526872,128135,1853617,173,256,173,256,32768,
5500,333.944,308.943,7.952867,7.802044,0.150823,7.905621,7.746132,0.206735,790.9137,0.583783,0.894125,165.1122,10.5709,0.08619,0.46911,0.444699,4096000,3239582686,127682,1852878,173,256,173,256,32768,
5750,348.738,322.914,7.952993,7.799557,0.153437,7.905163,7.746159,0.206835,786.8394,0.579986,0.893738,166.738,10.9155,0.085682,0.467228,0.447091,4096000,3222894115,127950,1853181,181,256,181,256,32768,
6000,363.81,336.992,7.952322,7.798836,0.153486,7.902557,7.742241,0.210081,788.0759,0.578107,0.893487,169.1709,11.4596,0.085832,0.469603,0.444566,4096000,3227959091,128113,1853156,186,256,186,256,32768,
6250,379.261,351.308,7.951134,7.796783,0.15435,7.904583,7.741203,0.20993,785.5795,0.578505,0.893388,168.7395,12.4776,0.085626,0.466969,0.447405,4096000,3217733713,127912,1853382,185,256,185,256,32768,
6500,394.669,365.406,7.950256,7.797775,0.152481,7.901798,7.738453,0.211803,787.5953,0.578173,0.89397,170.3516,12.6151,0.085921,0.465046,0.449033,4096000,3225990530,128333,1853950,187,256,187,256,32768,
6750,409.917,379.423,7.948892,7.790115,0.158777,7.899757,7.733803,0.215089,781.6643,0.581527,0.892981,168.7853,11.9299,0.085187,0.466997,0.447816,4096000,3201697153,128396,1853908,193,256,193,256,32768,
7000,425.144,393.47,7.948255,7.789387,0.158868,7.898869,7.734406,0.21385,786.3649,0.583367,0.893409,169.219,12.1698,0.085733,0.468962,0.445304,4096000,3220950651,127987,1853784,195,256,195,256,32768,
7250,440.682,407.652,7.949124,7.789196,0.159928,7.898949,7.734051,0.215073,803.5369,0.584252,0.89574,170.8641,12.5967,0.08782,0.469464,0.442716,4096000,3291287169,127895,1852858,190,256,190,256,32768,
7500,456.137,421.814,7.94925,7.790718,0.158532,7.897984,7.730206,0.219045,790.3554,0.587386,0.893851,169.2346,13.646,0.086247,0.471335,0.442418,4096000,3237295514,128015,1852894,197,256,197,256,32768,
7750,471.768,436.15,7.946863,7.791687,0.155176,7.899002,7.732822,0.21404,799.1129,0.585519,0.895306,172.1764,13.4562,0.087341,0.469341,0.443318,4096000,3273166625,128558,1853489,196,256,196,256,32768,
8000,487.551,450.62,7.947142,7.795708,0.151434,7.898155,7.732655,0.214487,804.6107,0.585072,0.896153,172.675,13.3749,0.087997,0.468924,0.44308,4096000,3295685446,128142,1853707,196,256,196,256,32768,
8250,503.726,465.56,7.947113,7.795708,0.151405,7.900547,7.736282,0.21083,806.1747,0.582294,0.896378,172.6099,13.1117,0.088229,0.469658,0.442112,4096000,3302091573,127967,1854189,197,256,197,256,32768,
8500,519.292,479.794,7.947757,7.792183,0.155574,7.897316,7.733181,0.214576,810.7627,0.57949,0.897063,174.4984,12.7122,0.088761,0.469262,0.441977,4096000,3320883838,127919,1853715,190,256,190,256,32768,
8750,535.639,494.797,7.947971,7.794773,0.153198,7.899994,7.735062,0.21291,813.2685,0.577404,0.897175,175.741,12.7154,0.089018,0.471131,0.439851,4096000,3331147658,127811,1853885,188,256,188,256,32768,
9000,551.967,509.955,7.947991,7.797535,0.150456,7.901993,7.738068,0.209923,813.8536,0.577802,0.897387,178.8221,13.1174,0.089115,0.469933,0.440951,4096000,3333544339,128164,1854216,186,256,186,256,32768,
9250,567.803,524.683,7.946279,7.790806,0.155473,7.897488,7.733631,0.212647,799.6006,0.578893,0.895647,175.6285,12.5341,0.087321,0.468437,0.444242,4096000,3275163893,127718,1853506,179,256,179,256,32768,
9500,583.551,539.084,7.945404,7.792507,0.152897,7.899754,7.734978,0.210426,796.9646,0.580042,0.895488,174.7325,12.0937,0.08707,0.465824,0.447106,4096000,3264367164,127944,1854059,178,256,178,256,32768,
9750,599.314,553.563,7.944019,7.786304,0.157715,7.894276,7.72768,0.216339,798.4908,0.579844,0.896024,181.6686,12.8488,0.087274,0.462336,0.45039,4096000,3270618345,127849,1852933,184,256,184,256,32768,
10000,615.31,568.279,7.944513,7.787479,0.157033,7.897171,7.729321,0.215192,782.9367,0.582866,0.893782,176.424,13.0078,0.085337,0.463731,0.450932,4096000,3206908735,127401,1853343,188,256,188,256,32768,
10250,630.907,582.567,7.942134,7.777447,0.164687,7.890194,7.720627,0.221507,789.4967,0.585138,0.894585,176.5469,13.2094,0.086106,0.46499,0.448904,4096000,3233778652,128399,1853360,183,256,183,256,32768,
10500,646.718,597.115,7.94207,7.778145,0.163926,7.887733,7.718369,0.223702,798.705,0.584288,0.895728,179.2472,13.4686,0.087183,0.466689,0.446128,4096000,3271495583,128220,1852820,181,256,181,256,32768,
10750,662.523,611.664,7.942334,7.775074,0.16726,7.886475,7.71727,0.225065,809.4809,0.58057,0.897273,185.6418,14.447,0.088488,0.465574,0.445938,4096000,3315633949,127762,1852510,185,256,185,256,32768,
11000,678.372,626.268,7.94219,7.775791,0.166399,7.886021,7.715843,0.226347,809.499,0.582369,0.897062,186.1096,14.4883,0.088513,0.467216,0.444271,4096000,3315707799,128234,1852038,184,256,184,256,32768,
11250,694.39,640.974,7.941252,7.774353,0.166899,7.886005,7.714348,0.226904,814.5824,0.582458,0.897458,191.0361,14.2231,0.089161,0.470413,0.440426,4096000,3336529535,127667,1852132,195,256,195,256,32768,
11500,710.579,655.77,7.940514,7.777798,0.162716,7.888756,7.713367,0.227146,822.8265,0.582597,0.898367,192.8445,14.551,0.090166,0.471384,0.43845,4096000,3370297302,127757,1852880,196,256,196,256,32768,
