epoch,wall_s,sim_s,entropy_bits,comp_bits,high_order_entropy,brotli2_bits,zlib_bits,hoe_zlib,mean_steps,frac_copy_runs,frac_steps_in_loop,ops_per_run,frac_term_budget,frac_term_off_region,frac_term_unmatched,runs,steps,mutations,distinct_windows,n_persistent,A_t,n_persistent_naive,A_t_naive
0,0.193,0.0,7.99958,8.000076,-0.000497,8.000076,8.002533,-0.002953,0.0,0.0,0.0,0.0,0.0,0.0,0.0,0,0,0,466944,0,0,0,0
50,0.867,0.503,7.999324,8.000076,-0.000753,7.994888,7.990463,0.00886,590.1595,0.514316,0.833985,63.5924,0.058911,0.595044,0.346045,204800,120864675,6430,465696,0,0,0,0
100,1.54,1.002,7.998953,8.000076,-0.001123,7.995178,7.986374,0.012579,607.2259,0.501216,0.845333,66.8623,0.061733,0.561333,0.376934,204800,124359858,6303,465386,0,0,0,0
150,2.213,1.503,7.998408,8.000076,-0.001668,7.987549,7.979141,0.019267,603.6713,0.49228,0.849094,67.5445,0.061499,0.536973,0.401528,204800,123631891,6327,465027,0,0,0,0
200,2.881,1.997,7.997745,8.000076,-0.002331,7.98674,7.973938,0.023807,594.247,0.481792,0.851781,69.3575,0.060908,0.509751,0.429341,204800,121701785,6284,464752,0,0,0,0
250,3.551,2.49,7.997387,8.000076,-0.002689,7.989075,7.974045,0.023342,595.8347,0.473213,0.85589,70.624,0.061372,0.48918,0.449448,204800,122026952,6496,464868,0,0,0,0
300,4.219,2.988,7.996853,8.000076,-0.003223,7.985245,7.971588,0.025265,609.0756,0.46521,0.862523,69.878,0.063252,0.47168,0.465068,204800,124738676,6206,464816,25,25,25,25
350,4.888,3.487,7.996348,8.000076,-0.003729,7.985397,7.971054,0.025294,604.4006,0.460151,0.864326,73.7712,0.062856,0.457007,0.480137,204800,123781237,6285,464840,29,30,29,30
400,5.602,4.021,7.99594,8.000076,-0.004136,7.986267,7.968597,0.027343,608.1375,0.456724,0.867922,73.2645,0.063457,0.442959,0.493584,204800,124546569,6273,464810,35,38,35,38
450,6.278,4.523,7.995281,8.000076,-0.004795,7.987854,7.96666,0.028622,592.063,0.454966,0.865858,71.1456,0.061582,0.43623,0.502188,204800,121254501,6203,464748,36,40,36,40
500,6.998,5.066,7.994929,8.000076,-0.005148,7.9832,7.96199,0.032938,608.3036,0.451226,0.871298,75.3093,0.063638,0.426499,0.509863,204800,124580572,6229,464545,36,40,36,40
550,7.663,5.556,7.994667,8.000076,-0.005409,7.984695,7.961517,0.03315,598.6202,0.447686,0.870578,74.5433,0.062812,0.419399,0.517788,204800,122597423,6249,464569,36,41,36,41
600,8.332,6.055,7.994394,8.000076,-0.005683,7.986374,7.962219,0.032174,608.4408,0.446167,0.874119,76.8452,0.064185,0.41189,0.523926,204800,124608669,6255,464680,38,43,38,43
650,9.019,6.565,7.994101,8.000076,-0.005975,7.981155,7.958099,0.036002,617.3122,0.446528,0.876401,77.5043,0.065298,0.409795,0.524907,204800,126425544,6486,464463,36,45,36,45
700,9.71,7.074,7.993871,8.000076,-0.006205,7.980972,7.959778,0.034094,607.0944,0.448242,0.875082,75.2787,0.064204,0.406299,0.529497,204800,124332934,6335,464671,38,48,38,48
750,10.382,7.571,7.993646,8.000076,-0.00643,7.982498,7.958557,0.035089,609.0416,0.447095,0.876215,73.875,0.064512,0.401997,0.533491,204800,124731721,6368,464705,41,52,41,52
800,11.076,8.088,7.993515,8.000076,-0.006561,7.983292,7.958572,0.034943,610.7286,0.444053,0.876663,76.9335,0.064795,0.40313,0.532075,204800,125077213,6167,464741,42,54,42,54
850,11.792,8.623,7.993479,8.000076,-0.006597,7.982712,7.957169,0.03631,618.3584,0.443726,0.878927,81.2706,0.065752,0.399995,0.534253,204800,126639808,6379,464752,41,54,41,54
900,12.466,9.121,7.993243,8.000076,-0.006833,7.983597,7.956436,0.036807,603.9467,0.440908,0.877423,79.5096,0.064067,0.394102,0.541831,204800,123688281,6363,464739,48,61,48,61
950,13.148,9.62,7.993099,8.000076,-0.006978,7.985382,7.958038,0.03506,611.3032,0.441343,0.879387,79.4948,0.065005,0.390688,0.544307,204800,125194896,6233,464914,45,61,45,61
1000,13.875,10.176,7.992928,8.000076,-0.007149,7.985046,7.953857,0.03907,611.9642,0.440449,0.879489,78.9068,0.065015,0.389863,0.545122,204800,125330270,6158,464759,43,61,43,61
1050,14.605,10.732,7.99265,8.000076,-0.007426,7.9832,7.95163,0.04102,631.2381,0.437881,0.883917,78.2842,0.067305,0.383115,0.54958,204800,129277554,6306,464617,42,62,42,62
1100,15.289,11.239,7.992503,8.000076,-0.007573,7.98053,7.951584,0.04092,611.5667,0.433496,0.880825,76.0799,0.065117,0.383364,0.551519,204800,125248850,6282,464688,41,63,41,63
1150,16.006,11.746,7.992362,8.000076,-0.007714,7.978287,7.952316,0.040046,618.3038,0.435239,0.882586,78.3356,0.065898,0.380547,0.553555,204800,126628625,6160,464773,40,64,40,64
1200,16.719,12.285,7.992242,8.000076,-0.007835,7.982452,7.952164,0.040078,610.3941,0.43228,0.881655,78.4432,0.065161,0.377495,0.557344,204800,125008719,6183,464851,38,65,38,65
1250,17.407,12.796,7.992286,8.000076,-0.007791,7.982986,7.953064,0.039222,616.2658,0.432974,0.883112,81.4888,0.065801,0.376401,0.557798,204800,126211227,6167,464975,39,68,39,68
1300,18.096,13.303,7.992145,8.000076,-0.007931,7.982529,7.951233,0.040913,604.6516,0.431582,0.881785,77.4523,0.06479,0.371328,0.563882,204800,123832642,6195,464880,42,71,42,71
1350,18.771,13.808,7.99201,8.000076,-0.008067,7.983551,7.952164,0.039846,613.6679,0.429917,0.884549,79.6807,0.065977,0.366133,0.567891,204800,125679193,6138,464915,38,71,38,71
1400,19.457,14.314,7.991848,8.000076,-0.008228,7.98381,7.95314,0.038708,619.3901,0.429585,0.886148,77.0799,0.06644,0.362925,0.570635,204800,126851100,6308,464996,38,72,38,72
1450,20.22,14.887,7.991644,8.000076,-0.008433,7.980835,7.951126,0.040518,620.7477,0.425469,0.88702,75.6766,0.06688,0.359082,0.574038,204800,127129131,6287,464935,35,74,35,74
1500,20.905,15.388,7.99157,8.000076,-0.008506,7.980286,7.949692,0.041879,608.7116,0.428154,0.884937,75.3163,0.065269,0.358364,0.576367,204800,124664126,6336,464883,35,76,35,76
1550,21.58,15.885,7.991323,8.000076,-0.008754,7.981018,7.949142,0.04218,600.3892,0.427988,0.883395,75.1674,0.064229,0.357949,0.577822,204800,122959718,6319,464883,35,76,35,76
1600,22.255,16.387,7.991294,8.000076,-0.008782,7.984421,7.950089,0.041206,605.192,0.430664,0.884146,76.3587,0.064824,0.35897,0.576206,204800,123943317,6315,464954,36,77,36,77
1650,22.921,16.88,7.991025,8.000076,-0.009051,7.984482,7.94931,0.041715,604.7474,0.429268,0.884538,77.9986,0.064756,0.35835,0.576895,204800,123852271,6402,464947,35,78,35,78
1700,23.576,17.363,7.990641,7.944656,0.045984,7.983795,7.948013,0.042627,595.6343,0.426426,0.883448,76.4726,0.063652,0.355093,0.581255,204800,121985910,6293,464923,39,82,39,82
1750,24.237,17.85,7.990315,8.000076,-0.009762,7.981796,7.948669,0.041645,589.8816,0.426284,0.882923,77.1123,0.062998,0.353198,0.583804,204800,120807760,6212,464926,38,84,38,84
1800,24.903,18.336,7.989747,7.9422,0.047548,7.980499,7.946182,0.043565,597.4169,0.423438,0.884956,77.0563,0.063999,0.349629,0.586372,204800,122350990,6357,464849,42,88,42,88
1850,25.559,18.816,7.989471,7.94455,0.044921,7.980057,7.94664,0.042831,598.2365,0.423335,0.885796,80.1325,0.064106,0.347305,0.588589,204800,122518843,6303,464867,41,88,41,88
1900,26.207,19.289,7.989152,7.944443,0.044709,7.980713,7.945953,0.043199,580.8246,0.420835,0.882669,78.29,0.062041,0.345938,0.592021,204800,118952879,6354,464862,39,90,39,90
1950,26.855,19.76,7.989103,7.944931,0.044172,7.98053,7.945374,0.043729,574.311,0.42168,0.881554,77.7027,0.061138,0.3448,0.594062,204800,117618900,6359,464845,40,93,40,93
2000,27.513,20.238,7.988887,7.945572,0.043315,7.98143,7.945923,0.042964,576.8136,0.423242,0.882121,78.0194,0.061543,0.343091,0.595366,204800,118131429,6318,464879,39,94,39,94
2050,28.184,20.728,7.988976,7.945053,0.043923,7.988113,7.948532,0.040444,581.7205,0.423252,0.882775,77.6921,0.062114,0.343613,0.594272,204800,119136352,6313,465028,38,96,38,96
2100,28.84,21.202,7.988797,7.943283,0.045514,7.985657,7.946548,0.042249,583.6396,0.420186,0.88392,75.6777,0.062354,0.341572,0.596074,204800,119529381,6308,464947,36,96,36,96
2150,29.5,21.685,7.988407,7.946289,0.042118,7.980927,7.946838,0.041568,592.8874,0.417188,0.886675,80.7005,0.063545,0.336919,0.599536,204800,121423337,6241,464937,36,96,36,96
2200,30.146,22.155,7.988319,7.942154,0.046165,7.980515,7.945816,0.042503,572.2162,0.422021,0.882183,76.3323,0.061089,0.341201,0.59771,204800,117189875,6333,464827,37,97,37,97
2250,30.79,22.621,7.988389,7.943405,0.044984,7.980026,7.943634,0.044755,568.0789,0.421133,0.881164,74.6283,0.060566,0.34209,0.597344,204800,116342550,6337,464761,35,97,35,97
2300,31.439,23.094,7.988401,7.943451,0.04495,7.979935,7.94426,0.044141,569.0256,0.420908,0.881524,75.9504,0.060693,0.344067,0.595239,204800,116536448,6256,464796,31,97,31,97
2350,32.081,23.562,7.988292,7.94162,0.046672,7.979889,7.943176,0.045115,568.7721,0.420713,0.881235,76.3936,0.06061,0.344297,0.595093,204800,116484523,6076,464764,31,98,31,98
2400,32.759,24.059,7.987938,7.941422,0.046516,7.978973,7.943375,0.044563,566.0183,0.41918,0.881316,73.5399,0.06022,0.341201,0.598579,204800,115920540,6487,464786,32,100,32,100
2450,33.408,24.531,7.988065,7.943695,0.04437,7.978775,7.944077,0.043988,573.6605,0.420728,0.883111,77.7302,0.061177,0.33938,0.599443,204800,117485675,6216,464780,33,101,33,101
2500,34.053,25.004,7.987982,8.000076,-0.012095,7.979523,7.946609,0.041372,577.5905,0.420557,0.884168,77.3851,0.061704,0.337783,0.600513,204800,118290536,6198,464960,31,101,31,101
2550,34.706,25.483,7.98788,8.000076,-0.012196,7.98555,7.945724,0.042156,586.2828,0.417637,0.885853,78.1742,0.062783,0.338091,0.599126,204800,120070710,6301,464891,33,102,33,102
2600,35.359,25.953,7.987792,7.945358,0.042433,7.9832,7.943924,0.043868,571.5792,0.420015,0.883281,75.9105,0.060889,0.337505,0.601606,204800,117059414,6277,464809,34,105,34,105
2650,36.008,26.415,7.987387,7.945084,0.042304,7.978287,7.942108,0.045279,561.0433,0.420073,0.88129,74.8402,0.059683,0.337808,0.60251,204800,114901662,6155,464734,33,107,33,107
2700,36.653,26.885,7.987184,7.945465,0.041718,7.976868,7.942291,0.044892,574.1092,0.420835,0.884162,76.5465,0.061313,0.336206,0.60248,204800,117577568,6360,464765,32,108,32,108
2750,37.302,27.357,7.987232,7.945358,0.041874,7.97818,7.944016,0.043217,574.7843,0.421426,0.884629,76.8768,0.061172,0.334951,0.603877,204800,117715834,6360,464860,31,108,31,108
2800,37.95,27.828,7.986844,7.944443,0.042401,7.976669,7.942596,0.044248,577.3765,0.419717,0.885081,78.0834,0.061631,0.335029,0.60334,204800,118246712,6530,464808,33,110,33,110
2850,38.597,28.299,7.986653,7.941269,0.045384,7.97554,7.939682,0.046971,566.664,0.419277,0.883001,74.3059,0.060386,0.332896,0.606719,204800,116052794,6460,464593,36,113,36,113
2900,39.282,28.807,7.986388,7.941269,0.045119,7.972931,7.939545,0.046843,558.1801,0.417373,0.882052,72.2475,0.059453,0.330679,0.609868,204800,114315277,6270,464546,38,114,38,114
2950,39.929,29.272,7.985832,7.93866,0.047172,7.972839,7.938889,0.046943,571.811,0.414956,0.884989,73.3755,0.061172,0.329097,0.609731,204800,117106895,6372,464537,37,114,37,114
3000,40.62,29.78,7.985537,7.940048,0.045489,7.972519,7.938568,0.046969,562.6674,0.417549,0.882938,75.4281,0.059902,0.330503,0.609595,204800,115234292,6098,464545,36,115,36,115
3050,41.274,30.255,7.985076,7.940109,0.044967,7.97023,7.93866,0.046417,577.8475,0.417954,0.886004,78.8645,0.061816,0.33083,0.607354,204800,118343169,6187,464541,33,116,33,116
3100,41.977,30.782,7.984993,7.939651,0.045342,7.9711,7.938095,0.046898,572.9658,0.413057,0.885239,77.3401,0.061196,0.329648,0.609155,204800,117343401,6295,464498,35,119,35,119
3150,42.673,31.297,7.984967,7.937973,0.046994,7.969803,7.937149,0.047818,575.9706,0.416025,0.885682,76.8928,0.061416,0.330459,0.608125,204800,117958776,6193,464471,35,120,35,120
3200,43.333,31.776,7.984736,7.937775,0.046962,7.970093,7.938416,0.046321,572.1565,0.416982,0.885007,76.9127,0.060947,0.330327,0.608726,204800,117177654,6292,464523,35,120,35,120
3250,44.025,32.286,7.984575,7.936935,0.04764,7.969604,7.937897,0.046678,581.1681,0.417817,0.886739,77.9527,0.062031,0.329951,0.608018,204800,119023230,6159,464467,36,120,36,120
3300,44.684,32.771,7.984789,7.938629,0.04616,7.971252,7.938629,0.04616,582.8436,0.415195,0.886906,77.9784,0.062197,0.331216,0.606587,204800,119366374,6158,464522,37,121,37,121
3350,45.376,33.288,7.984695,7.939667,0.045029,7.972733,7.937531,0.047165,572.2849,0.416035,0.884908,78.0825,0.060571,0.331333,0.608096,204800,117203944,6302,464478,35,122,35,122
3400,46.048,33.769,7.984528,7.93959,0.044938,7.971237,7.937805,0.046723,576.2866,0.415923,0.885971,77.9293,0.061421,0.329077,0.609502,204800,118023487,6452,464506,35,124,35,124
3450,46.703,34.243,7.984563,7.935501,0.049062,7.970932,7.936264,0.048299,573.5986,0.414038,0.885947,77.644,0.061265,0.326177,0.612559,204800,117472992,6304,464396,31,124,31,124
3500,47.358,34.719,7.984423,7.934708,0.049715,7.969482,7.93364,0.050783,571.4239,0.412222,0.88513,75.4981,0.060952,0.327915,0.611133,204800,117027610,6348,464335,30,124,30,124
3550,48.053,35.239,7.984397,7.935883,0.048514,7.970917,7.935425,0.048972,570.9837,0.414463,0.885255,77.6803,0.061128,0.326475,0.612397,204800,116937460,6287,464439,29,125,29,125
3600,48.702,35.712,7.984237,7.935059,0.049179,7.966766,7.933701,0.050537,575.5549,0.413037,0.88627,80.0003,0.061553,0.327231,0.611216,204800,117873642,6225,464378,28,125,28,125
3650,49.355,36.188,7.984485,7.938324,0.046161,7.971375,7.935562,0.048923,576.1949,0.418438,0.886085,78.3924,0.061401,0.328149,0.610449,204800,118004718,6266,464569,29,126,29,126
3700,50.009,36.667,7.984561,7.938995,0.045566,7.972687,7.937454,0.047107,568.2709,0.417178,0.884796,79.6663,0.060259,0.328926,0.610815,204800,116381875,6119,464647,31,126,31,126
3750,50.66,37.145,7.984564,7.93988,0.044684,7.974426,7.93811,0.046454,558.2238,0.417725,0.882507,79.3313,0.058984,0.329727,0.611289,204800,114324233,6399,464698,33,128,33,128
3800,51.301,37.611,7.984258,7.939545,0.044713,7.974121,7.936584,0.047673,553.4825,0.415757,0.882189,82.3676,0.058818,0.326831,0.614351,204800,113353216,6245,464626,34,128,34,128
3850,51.947,38.08,7.984158,7.940201,0.043957,7.976868,7.938232,0.045926,556.9254,0.415713,0.883081,81.2636,0.05917,0.327964,0.612866,204800,114058330,6419,464723,35,130,35,130
3900,52.591,38.55,7.984092,7.937912,0.04618,7.975662,7.937805,0.046287,558.7318,0.415283,0.883757,82.0989,0.059546,0.326133,0.614321,204800,114428264,6307,464684,34,131,34,131
3950,53.258,39.043,7.984043,7.938644,0.045398,7.977005,7.938095,0.045948,568.4328,0.415537,0.885128,86.2262,0.060435,0.329976,0.60959,204800,116415045,6257,464748,32,131,32,131
4000,53.905,39.513,7.984012,7.938553,0.045459,7.976517,7.936539,0.047473,568.0379,0.413828,0.885215,83.5321,0.060625,0.327422,0.611953,204800,116334154,6212,464718,31,131,31,131
4050,54.556,39.987,7.9841,7.938828,0.045272,7.972717,7.93692,0.04718,564.2566,0.411348,0.885263,80.2056,0.060176,0.322949,0.616875,204800,115559761,6221,464754,31,132,31,132
4100,55.198,40.452,7.983781,7.938873,0.044908,7.97374,7.936951,0.046831,560.6471,0.414561,0.884144,81.303,0.059712,0.325352,0.614937,204800,114820520,6341,464745,31,132,31,132
4150,55.841,40.918,7.98378,7.94104,0.04274,7.975235,7.938385,0.045395,558.7017,0.412627,0.884123,82.4918,0.059424,0.325312,0.615264,204800,114422103,6285,464818,32,134,32,134
4200,56.489,41.383,7.983903,7.940659,0.043244,7.975662,7.939133,0.04477,556.546,0.412632,0.883602,81.1009,0.059082,0.325288,0.61563,204800,113980611,6442,464908,32,136,32,136
4250,57.13,41.845,7.983942,7.942307,0.041636,7.976196,7.938675,0.045268,554.2055,0.415005,0.882912,79.9169,0.058755,0.326914,0.614331,204800,113501294,6267,464848,31,136,31,136
4300,57.776,42.314,7.983787,7.943695,0.040092,7.976242,7.939407,0.04438,563.9931,0.412583,0.885575,81.9045,0.060029,0.322334,0.617637,204800,115505785,6342,464888,34,137,34,137
4350,58.418,42.779,7.983679,7.941162,0.042517,7.974457,7.937241,0.046439,560.6715,0.410522,0.885187,82.4492,0.059614,0.321836,0.61855,204800,114825514,6114,464693,31,138,31,138
4400,59.052,43.236,7.983783,7.943268,0.040515,7.975281,7.939667,0.044116,545.721,0.412788,0.882088,81.2414,0.057886,0.322661,0.619453,204800,111763654,6313,464888,32,138,32,138
4450,59.688,43.695,7.983772,7.941681,0.042091,7.974304,7.940704,0.043068,540.9878,0.407915,0.882365,81.7221,0.05748,0.316099,0.626421,204800,110794303,6353,464879,33,139,33,139
4500,60.33,44.157,7.983821,7.941559,0.042262,7.976822,7.940735,0.043086,549.5066,0.411372,0.883305,80.9551,0.058359,0.319087,0.622554,204800,112538942,6191,464850,34,141,34,141
4550,60.981,44.628,7.983737,7.941864,0.041873,7.976212,7.94075,0.042987,552.6008,0.414214,0.884099,84.354,0.058706,0.319805,0.621489,204800,113172636,6230,464864,32,141,32,141
4600,61.666,45.097,7.98389,7.942139,0.041752,7.975327,7.941788,0.042103,564.9699,0.41293,0.886446,84.6357,0.060093,0.320327,0.61958,204800,115705843,6407,464920,35,142,35,142
4650,62.314,45.567,7.983882,7.94252,0.041362,7.975693,7.943283,0.040599,568.2063,0.411421,0.887449,85.6067,0.060552,0.317739,0.621709,204800,116368649,6292,465017,33,142,33,142
4700,62.961,46.038,7.983743,7.944321,0.039422,7.977402,7.944458,0.039285,572.3272,0.410195,0.88882,87.0248,0.061143,0.31501,0.623848,204800,117212611,6183,465042,30,142,30,142
4750,63.604,46.508,7.983721,8.000076,-0.016355,7.977859,7.944229,0.039492,570.9232,0.412935,0.888031,87.9163,0.061104,0.317085,0.621812,204800,116925065,6250,464993,32,143,32,143
4800,64.243,46.972,7.98385,7.942352,0.041497,7.97879,7.943619,0.040231,564.7018,0.412944,0.887112,83.008,0.060293,0.317285,0.622422,204800,115650922,6282,464999,30,143,30,143
4850,64.887,47.439,7.983876,7.946014,0.037862,7.977997,7.944611,0.039266,565.9746,0.413286,0.887177,81.4283,0.06042,0.317144,0.622437,204800,115911606,6314,465072,29,144,29,144
4900,65.561,47.907,7.983885,7.942108,0.041777,7.97583,7.943924,0.039961,565.5645,0.408779,0.887968,81.1458,0.060479,0.313149,0.626372,204800,115827608,6246,465027,29,144,29,144
4950,66.245,48.395,7.984042,8.000076,-0.016035,7.978714,7.945816,0.038226,559.7317,0.410493,0.886191,81.0371,0.059663,0.316157,0.62418,204800,114633045,6419,465136,29,144,29,144
5000,66.879,48.855,7.983741,7.947311,0.03643,7.976898,7.945129,0.038612,556.0478,0.409775,0.885925,81.738,0.058994,0.314434,0.626572,204800,113878590,6265,465092,28,145,28,145
5050,67.528,49.323,7.983576,8.000076,-0.0165,7.978683,7.945129,0.038447,558.7045,0.411909,0.886329,83.7904,0.059395,0.315513,0.625093,204800,114422675,6464,465125,31,146,31,146
5100,68.212,49.833,7.983554,8.000076,-0.016522,7.979858,7.946884,0.03667,565.97,0.409609,0.887538,88.5339,0.060371,0.315625,0.624004,204800,115910660,6305,465238,31,146,31,146
5150,68.857,50.3,7.983405,7.946686,0.036719,7.977829,7.94516,0.038245,560.7013,0.409385,0.887074,85.779,0.059922,0.313589,0.626489,204800,114831628,6236,465099,34,146,34,146
5200,69.613,50.88,7.983577,8.000076,-0.016499,7.979889,7.946579,0.036998,565.4362,0.410581,0.888095,87.6754,0.060435,0.312778,0.626787,204800,115801336,6257,465149,35,147,35,147
5250,70.254,51.35,7.983424,8.000076,-0.016652,7.979919,7.947311,0.036112,561.9599,0.406792,0.887776,86.5795,0.060166,0.312236,0.627598,204800,115089390,6256,465186,33,147,33,147
5300,70.891,51.815,7.983352,8.000076,-0.016724,7.980194,7.947266,0.036087,561.5307,0.408403,0.887438,86.0668,0.060269,0.314058,0.625674,204800,115001483,6295,465199,30,147,30,147
5350,71.564,52.287,7.983346,8.000076,-0.01673,7.981537,7.948318,0.035027,573.9724,0.407339,0.889986,86.0528,0.06188,0.313101,0.62502,204800,117549555,6225,465267,29,147,29,147
5400,72.27,52.815,7.983339,8.000076,-0.016737,7.981491,7.948608,0.034731,571.1899,0.407964,0.889533,85.379,0.061396,0.312236,0.626367,204800,116979694,6263,465251,30,149,30,149
5450,72.945,53.312,7.983628,8.000076,-0.016448,7.981339,7.949036,0.034593,576.6612,0.40833,0.890434,86.4685,0.061987,0.312031,0.625981,204800,118100220,6284,465268,28,149,28,149
5500,73.609,53.796,7.983602,8.000076,-0.016475,7.982224,7.9496,0.034001,578.217,0.407622,0.890634,86.7627,0.062456,0.311846,0.625698,204800,118418836,6329,465300,27,149,27,149
5550,74.258,54.264,7.983774,8.000076,-0.016302,7.982101,7.950836,0.032938,561.5849,0.407305,0.887374,85.6582,0.060566,0.312197,0.627236,204800,115012582,6257,465367,26,149,26,149
5600,74.897,54.731,7.983836,8.000076,-0.016241,7.983994,7.953064,0.030772,559.5839,0.407983,0.887214,83.8827,0.060454,0.311646,0.6279,204800,114602784,6307,465520,27,149,27,149
5650,75.536,55.195,7.983934,8.000076,-0.016142,7.983902,7.953217,0.030718,556.866,0.406147,0.886973,84.4467,0.060103,0.310205,0.629692,204800,114046158,6188,465495,27,149,27,149
5700,76.18,55.663,7.984189,8.000076,-0.015887,7.983276,7.952469,0.031721,556.1711,0.40626,0.886946,86.7572,0.059932,0.308081,0.631987,204800,113903833,6321,465449,27,150,27,150
5750,76.821,56.126,7.984127,8.000076,-0.015949,7.983063,7.952469,0.031658,550.7788,0.405449,0.885938,83.1551,0.059248,0.309062,0.631689,204800,112799495,6328,465463,29,150,29,150
5800,77.46,56.586,7.983911,8.000076,-0.016166,7.982651,7.951782,0.032128,543.7908,0.405161,0.884716,80.873,0.058398,0.308208,0.633394,204800,111368356,6348,465433,29,150,29,150
5850,78.101,57.045,7.983989,8.000076,-0.016088,7.984299,7.951355,0.032634,544.4175,0.402344,0.885061,80.3171,0.058398,0.306577,0.635024,204800,111496697,6233,465369,28,150,28,150
5900,78.741,57.515,7.98406,8.000076,-0.016016,7.984573,7.951721,0.032339,555.0211,0.400283,0.887746,78.5971,0.059756,0.303833,0.636411,204800,113668331,6277,465429,27,150,27,150
5950,79.378,57.98,7.98399,8.000076,-0.016086,7.983154,7.951584,0.032406,555.9935,0.398687,0.888212,81.624,0.059888,0.302061,0.638052,204800,113867467,6262,465405,27,151,27,151
6000,80.046,58.475,7.983987,8.000076,-0.016089,7.979752,7.948868,0.035119,563.7347,0.399263,0.889352,82.2746,0.060713,0.303169,0.636118,204800,115452873,6334,465163,24,151,24,151
6050,80.739,58.976,7.983849,8.000076,-0.016228,7.978897,7.949005,0.034843,561.8442,0.40082,0.889043,84.2379,0.060483,0.303945,0.635571,204800,115065702,6135,465141,23,151,23,151
6100,81.389,59.447,7.983675,7.946365,0.037309,7.977997,7.946548,0.037126,554.2851,0.400391,0.887361,83.7225,0.059634,0.304922,0.635444,204800,113517593,6411,464978,25,152,25,152
6150,82.027,59.913,7.983651,8.000076,-0.016426,7.97966,7.9478,0.035851,552.2839,0.400864,0.886765,83.1859,0.059458,0.306562,0.633979,204800,113107741,6295,465098,28,154,28,154
6200,82.661,60.372,7.983498,7.946121,0.037377,7.977814,7.945145,0.038353,545.3505,0.403882,0.885346,80.2035,0.058589,0.306323,0.635088,204800,111687781,6181,464908,28,155,28,155
6250,83.315,60.849,7.983565,7.945175,0.03839,7.980026,7.946045,0.03752,570.3036,0.40397,0.890384,84.0032,0.061631,0.304263,0.634106,204800,116798187,6304,464968,32,157,32,157
6300,83.971,61.331,7.983796,7.946167,0.037629,7.977509,7.947083,0.036714,573.9152,0.399932,0.891497,84.5512,0.062075,0.30314,0.634785,204800,117537824,6206,465060,34,157,34,157
6350,84.616,61.801,7.983932,7.945465,0.038467,7.975494,7.945068,0.038863,559.3272,0.40272,0.888032,81.4394,0.060229,0.306138,0.633633,204800,114550218,6373,464953,34,158,34,158
6400,85.297,62.288,7.984179,8.000076,-0.015897,7.978607,7.946976,0.037204,561.1307,0.404038,0.888877,80.3053,0.060269,0.304121,0.63561,204800,114919558,6418,465099,30,158,30,158
6450,85.959,62.774,7.984233,8.000076,-0.015844,7.977661,7.947479,0.036753,554.6487,0.404321,0.88792,81.4558,0.059458,0.303008,0.637534,204800,113592058,6181,465172,29,159,29,159
6500,86.594,63.239,7.984329,8.000076,-0.015747,7.979782,7.949188,0.035141,561.0695,0.407041,0.888538,80.2731,0.060308,0.304419,0.635273,204800,114907027,6316,465239,26,159,26,159
6550,87.278,63.722,7.984211,7.944626,0.039585,7.976562,7.945084,0.039128,555.3583,0.406699,0.887221,81.2936,0.059756,0.306665,0.633579,204800,113737380,6384,464977,28,159,28,159
6600,87.939,64.191,7.984081,7.944046,0.040035,7.975861,7.943649,0.040431,559.467,0.407402,0.888031,82.2668,0.060234,0.305942,0.633823,204800,114578847,6374,464912,31,159,31,159
6650,88.585,64.663,7.984045,8.000076,-0.016031,7.973679,7.94368,0.040365,551.9349,0.403184,0.886864,81.0541,0.05938,0.305151,0.635469,204800,113036261,6292,464883,31,160,31,160
6700,89.235,65.138,7.984022,7.940399,0.043623,7.97139,7.940353,0.043668,551.1537,0.402534,0.886748,80.591,0.05937,0.304111,0.636519,204800,112876288,6285,464727,30,161,30,161
6750,89.872,65.599,7.984198,7.941162,0.043036,7.972153,7.940491,0.043707,558.5885,0.40418,0.887726,78.5059,0.060303,0.306172,0.633525,204800,114398915,6365,464766,29,162,29,162
6800,90.521,66.068,7.984262,7.94191,0.042352,7.975525,7.940842,0.04342,562.0806,0.405596,0.888668,82.7874,0.060596,0.305132,0.634272,204800,115114113,6196,464782,30,164,30,164
6850,91.168,66.534,7.984331,7.944656,0.039675,7.978531,7.94342,0.04091,556.9352,0.406821,0.887418,79.8316,0.059717,0.307007,0.633276,204800,114060333,6254,464954,33,167,33,167
6900,91.811,67.0,7.984295,7.944351,0.039944,7.977554,7.944672,0.039624,561.0074,0.406455,0.888198,81.7377,0.060298,0.305723,0.633979,204800,114894314,6214,465033,33,167,33,167
6950,92.471,67.47,7.984131,7.943954,0.040176,7.977203,7.94313,0.041,569.4215,0.407881,0.889566,84.0965,0.061479,0.30689,0.631631,204800,116617527,6418,464967,35,168,35,168
7000,93.167,67.949,7.984087,7.943466,0.040621,7.976028,7.943314,0.040773,559.8846,0.405801,0.88793,82.0107,0.060132,0.306899,0.632969,204800,114664358,6178,465039,32,168,32,168
7050,93.814,68.424,7.984111,7.943115,0.040996,7.973923,7.943985,0.040126,571.3109,0.405244,0.890864,85.3445,0.061514,0.302739,0.635747,204800,117004468,6253,465069,36,169,36,169
7100,94.467,68.899,7.984166,7.943817,0.040349,7.974686,7.945541,0.038625,572.4875,0.404175,0.891001,82.1955,0.061841,0.303076,0.635083,204800,117245450,6245,465188,36,169,36,169
7150,95.105,69.365,7.984395,8.000076,-0.015681,7.978378,7.947678,0.036718,558.6443,0.403745,0.888017,81.0825,0.0602,0.30583,0.63397,204800,114410349,6377,465269,36,169,36,169
7200,95.738,69.827,7.984426,8.000076,-0.01565,7.978439,7.94931,0.035116,562.2925,0.402534,0.888866,80.4148,0.060723,0.303057,0.636221,204800,115157499,6366,465394,37,170,37,170
7250,96.39,70.304,7.984409,8.000076,-0.015667,7.980988,7.949615,0.034793,555.0944,0.401821,0.887733,78.2938,0.059692,0.301821,0.638486,204800,113683331,6546,465412,34,170,34,170
7300,97.024,70.763,7.984456,8.000076,-0.015621,7.981567,7.950195,0.03426,552.8748,0.401323,0.887641,78.3329,0.059473,0.301636,0.638892,204800,113228769,6264,465440,35,170,35,170
7350,97.668,71.235,7.984489,8.000076,-0.015587,7.980057,7.948639,0.03585,558.6325,0.401978,0.88885,77.2073,0.060034,0.299736,0.640229,204800,114407939,6356,465345,32,170,32,170
7400,98.303,71.695,7.984404,8.000076,-0.015672,7.980255,7.947342,0.037063,551.3158,0.399326,0.887608,76.4507,0.05916,0.300786,0.640054,204800,112909484,6215,465236,30,171,30,171
7450,98.937,72.158,7.984335,8.000076,-0.015741,7.982132,7.948685,0.035651,561.6662,0.400615,0.889132,78.9559,0.060312,0.301641,0.638047,204800,115029245,6246,465254,32,172,32,172
7500,99.586,72.625,7.984164,8.000076,-0.015912,7.97934,7.947113,0.037051,565.027,0.400674,0.889614,80.6802,0.060659,0.304424,0.634917,204800,115717527,6157,465183,29,172,29,172
7550,100.232,73.097,7.984012,7.94455,0.039462,7.976456,7.945801,0.038211,576.0008,0.401191,0.891901,82.3253,0.062222,0.303423,0.634355,204800,117964966,6261,465156,27,172,27,172
7600,100.912,73.605,7.984052,8.000076,-0.016025,7.978149,7.947464,0.036588,578.4854,0.400332,0.89273,81.3019,0.06251,0.300796,0.636694,204800,118473805,6184,465243,30,174,30,174
7650,101.577,74.093,7.984078,8.000076,-0.015998,7.978134,7.946106,0.037972,565.475,0.39958,0.889828,76.8973,0.060688,0.304771,0.634541,204800,115809283,6350,465176,31,174,31,174
7700,102.232,74.572,7.984174,8.000076,-0.015902,7.976379,7.943924,0.04025,566.9225,0.39958,0.889636,75.4057,0.060757,0.305962,0.633281,204800,116105734,6218,465078,29,174,29,174
7750,102.916,75.083,7.984093,8.000076,-0.015983,7.975235,7.943741,0.040352,565.6021,0.403091,0.889112,76.599,0.060674,0.307866,0.63146,204800,115835309,6260,465086,30,174,30,174
7800,103.56,75.553,7.984068,8.000076,-0.016009,7.974747,7.94281,0.041257,562.1544,0.403491,0.888413,76.941,0.060146,0.307593,0.632261,204800,115129230,6189,465013,30,175,30,175
7850,104.231,76.045,7.984013,8.000076,-0.016063,7.97525,7.943558,0.040455,556.4297,0.401816,0.887002,73.554,0.059487,0.308682,0.631831,204800,113956803,6353,465100,28,175,28,175
7900,104.87,76.506,7.983934,7.942139,0.041796,7.97818,7.94249,0.041445,555.3787,0.399639,0.887272,72.8027,0.059634,0.306445,0.633921,204800,113741555,6281,465083,31,177,31,177
7950,105.509,76.97,7.983927,7.944962,0.038965,7.974121,7.942276,0.041651,553.256,0.399951,0.886883,74.2334,0.059419,0.307725,0.632856,204800,113306829,6327,465081,33,178,33,178
8000,106.146,77.432,7.983916,7.944611,0.039306,7.973923,7.943695,0.040221,550.2651,0.404229,0.886194,70.6712,0.059019,0.307036,0.633945,204800,112694292,6309,465179,30,178,30,178
8050,106.818,77.894,7.983596,8.000076,-0.016481,7.975128,7.942169,0.041427,558.5084,0.404453,0.888039,71.6291,0.059858,0.306055,0.634087,204800,114382523,6371,465114,32,178,32,178
8100,107.509,78.41,7.983203,7.94104,0.042163,7.974167,7.940384,0.042819,566.2496,0.405146,0.889494,72.4877,0.060825,0.305498,0.633677,204800,115967918,6245,464996,32,179,32,179
8150,108.16,78.885,7.983028,8.000076,-0.017048,7.975861,7.941422,0.041607,572.0825,0.406782,0.890344,75.4945,0.061611,0.306709,0.63168,204800,117162489,6404,465042,34,180,34,180
8200,108.823,79.358,7.98297,7.944077,0.038894,7.976959,7.942657,0.040313,572.5119,0.405708,0.891022,77.6307,0.061816,0.304414,0.63377,204800,117250447,6362,465102,34,181,34,181
8250,109.516,79.878,7.983137,8.000076,-0.016939,7.977493,7.943436,0.039702,563.3864,0.403062,0.889301,75.7844,0.06062,0.307041,0.632339,204800,115381536,6293,465156,30,182,30,182
8300,110.166,80.353,7.983128,8.000076,-0.016948,7.979874,7.944382,0.038747,569.6279,0.404365,0.891002,78.8425,0.061343,0.303232,0.635425,204800,116659801,6249,465183,31,182,31,182
8350,110.804,80.82,7.983245,8.000076,-0.016831,7.978088,7.945755,0.03749,551.6941,0.407764,0.886606,76.7932,0.059287,0.307432,0.633281,204800,112986946,6255,465262,29,182,29,182
8400,111.456,81.289,7.983365,7.946762,0.036603,7.978561,7.945465,0.0379,557.8179,0.40686,0.887918,76.8443,0.059902,0.307192,0.632905,204800,114241108,6359,465254,25,182,25,182
8450,112.223,81.876,7.98351,8.000076,-0.016567,7.978485,7.945892,0.037617,552.1632,0.40688,0.886869,74.9722,0.059277,0.307427,0.633296,204800,113083031,6299,465274,24,183,24,183
8500,112.855,82.334,7.983474,8.000076,-0.016602,7.979828,7.946884,0.03659,552.1707,0.407788,0.886756,74.4566,0.059111,0.307393,0.633496,204800,113084568,6195,465341,24,183,24,183
8550,113.489,82.792,7.983168,7.945999,0.037169,7.978165,7.945175,0.037993,542.3865,0.408516,0.884872,71.6476,0.057993,0.306655,0.635352,204800,111080745,6297,465188,25,183,25,183
8600,114.154,83.265,7.983001,8.000076,-0.017075,7.978165,7.944656,0.038345,541.3851,0.407754,0.884512,72.0712,0.057915,0.308911,0.633174,204800,110875667,6239,465206,25,184,25,184
8650,114.793,83.73,7.982696,8.000076,-0.01738,7.979721,7.945435,0.037262,544.9845,0.406602,0.885855,74.7428,0.058252,0.306343,0.635405,204800,111612822,6243,465270,25,185,25,185
8700,115.435,84.196,7.982188,7.942429,0.03976,7.977982,7.940628,0.04156,545.2452,0.402876,0.886394,76.2827,0.058286,0.30293,0.638784,204800,111666209,6295,464938,26,185,26,185
8750,116.069,84.654,7.982281,7.944397,0.037884,7.980774,7.942657,0.039623,535.358,0.402749,0.884221,78.2211,0.057109,0.303701,0.639189,204800,109641321,6368,465061,24,185,24,185
8800,116.702,85.109,7.98221,7.943832,0.038378,7.97966,7.941986,0.040224,546.109,0.402407,0.886359,78.0076,0.058433,0.301865,0.639702,204800,111843120,6360,464993,26,185,26,185
8850,117.329,85.562,7.981939,7.941833,0.040105,7.977905,7.941284,0.040654,541.0349,0.40354,0.885454,77.6908,0.057793,0.302744,0.639463,204800,110803943,6216,464958,23,185,23,185
8900,117.956,86.013,7.982057,7.944519,0.037538,7.978653,7.942688,0.039369,540.2092,0.399385,0.885662,78.8324,0.057847,0.300854,0.641299,204800,110634844,6273,465059,23,186,23,186
8950,118.594,86.475,7.982228,7.943573,0.038655,7.979248,7.943161,0.039067,545.1791,0.401318,0.886733,80.4634,0.058364,0.300342,0.641294,204800,111652686,6208,465074,25,186,25,186
9000,119.228,86.927,7.982034,7.944336,0.037698,7.979675,7.944504,0.03753,538.8109,0.402891,0.885651,79.6517,0.057593,0.299341,0.643066,204800,110348472,6292,465162,24,186,24,186
9050,119.862,87.386,7.982024,7.946182,0.035842,7.980499,7.945068,0.036956,539.1426,0.404707,0.885138,78.5415,0.057642,0.300923,0.641436,204800,110416397,6389,465222,26,187,26,187
9100,120.484,87.836,7.982109,8.000076,-0.017968,7.979523,7.945038,0.037071,527.2,0.40377,0.882288,75.5309,0.055947,0.303374,0.640679,204800,107970561,6242,465180,29,190,29,190
9150,121.104,88.282,7.982268,8.000076,-0.017808,7.980499,7.947586,0.034682,532.0336,0.404937,0.883356,75.0824,0.05667,0.304121,0.639209,204800,108960474,6347,465245,26,190,26,190
9200,121.746,88.734,7.982452,8.000076,-0.017625,7.980057,7.947174,0.035277,527.7733,0.405498,0.882073,73.564,0.056094,0.306313,0.637593,204800,108087980,6306,465210,27,190,27,190
9250,122.368,89.184,7.982376,8.000076,-0.0177,7.982895,7.946945,0.035431,534.3068,0.409448,0.883471,74.0915,0.057134,0.30543,0.637437,204800,109426036,6233,465203,29,190,29,190
9300,122.995,89.635,7.982446,7.944397,0.038049,7.977875,7.945084,0.037362,531.3273,0.406929,0.883032,75.9597,0.056851,0.304121,0.639028,204800,108815828,6284,465122,31,190,31,190
9350,123.61,90.076,7.98217,7.944153,0.038017,7.980606,7.944122,0.038048,521.4543,0.40564,0.881327,71.46,0.055723,0.301987,0.64229,204800,106793834,6263,465047,30,191,30,191
9400,124.231,90.521,7.981988,7.943573,0.038415,7.975616,7.943558,0.03843,527.1362,0.405205,0.882314,72.6829,0.056431,0.301924,0.641646,204800,107957496,6293,464986,30,191,30,191
9450,124.849,90.966,7.98213,8.000076,-0.017946,7.976959,7.944977,0.037153,525.6362,0.404194,0.882548,73.1748,0.056138,0.299521,0.644341,204800,107650297,6366,465069,32,193,32,193
9500,125.478,91.412,7.982196,8.000076,-0.01788,7.979279,7.946609,0.035587,522.8358,0.399946,0.882471,73.5568,0.055776,0.297974,0.64625,204800,107076781,6380,465197,33,193,33,193
9550,126.107,91.863,7.9819,7.944611,0.03729,7.977951,7.946045,0.035855,529.5152,0.401348,0.883982,75.9416,0.056553,0.297729,0.645718,204800,108444709,6217,465163,32,195,32,195
9600,126.772,92.35,7.981851,7.945908,0.035943,7.977585,7.94632,0.035531,525.556,0.402549,0.883236,75.7859,0.056162,0.297021,0.646816,204800,107633876,6218,465141,32,196,32,196
9650,127.392,92.801,7.981766,8.000076,-0.018311,7.978989,7.946915,0.034851,536.8528,0.40083,0.885515,77.8908,0.057534,0.297388,0.645078,204800,109947460,6296,465159,33,196,33,196
9700,128.026,93.26,7.981779,8.000076,-0.018297,7.982529,7.947464,0.034315,542.2329,0.404556,0.886747,77.8914,0.058037,0.29689,0.645073,204800,111049291,6217,465176,31,196,31,196
9750,128.664,93.723,7.98173,7.944077,0.037653,7.980072,7.945114,0.036616,543.1058,0.40314,0.886833,75.9875,0.058228,0.29666,0.645112,204800,111228069,6309,465042,32,196,32,196
9800,129.306,94.188,7.98133,7.937836,0.043495,7.972672,7.938904,0.042427,549.6767,0.402944,0.888231,77.4767,0.058921,0.29666,0.644419,204800,112573786,6209,464659,31,196,31,196
9850,129.938,94.645,7.98133,7.940048,0.041282,7.972763,7.940414,0.040916,542.8857,0.401255,0.88701,80.7682,0.057959,0.29647,0.645571,204800,111182987,6264,464748,30,196,30,196
9900,130.566,95.097,7.981209,7.940887,0.040322,7.972717,7.939545,0.041665,541.5722,0.403516,0.886327,79.4026,0.057852,0.298013,0.644136,204800,110913977,6310,464724,30,196,30,196
9950,131.245,95.6,7.980862,7.937485,0.043377,7.970062,7.93544,0.045422,550.8381,0.40062,0.888047,82.895,0.058853,0.29749,0.643657,204800,112811635,6152,464528,32,198,32,198
10000,131.908,96.085,7.980622,7.934448,0.046174,7.968643,7.93454,0.046083,548.7368,0.401406,0.88756,84.4582,0.058594,0.29772,0.643687,204800,112381306,6332,464483,31,199,31,199
10050,132.562,96.564,7.980582,7.933548,0.047034,7.965576,7.931366,0.049216,538.735,0.403311,0.885328,83.4431,0.057173,0.298667,0.64416,204800,110332938,6209,464362,32,200,32,200
10100,133.198,97.024,7.980578,7.930466,0.050112,7.96579,7.930222,0.050356,546.4708,0.40146,0.887255,82.5683,0.058252,0.298125,0.643623,204800,111917210,6200,464381,31,200,31,200
10150,133.832,97.483,7.980763,7.93251,0.048252,7.96521,7.931381,0.049381,536.4093,0.404077,0.884554,82.8369,0.056987,0.302397,0.640615,204800,109856627,6308,464447,33,201,33,201
10200,134.523,98.0,7.980907,7.930542,0.050365,7.965698,7.932098,0.048809,539.6273,0.405601,0.885202,81.4771,0.057563,0.301592,0.640845,204800,110515668,6221,464508,33,202,33,202
10250,135.194,98.494,7.98092,7.932205,0.048714,7.96756,7.931381,0.049538,545.9392,0.403149,0.886872,82.8629,0.058418,0.300142,0.64144,204800,111808354,6394,464493,28,202,28,202
10300,135.923,99.033,7.981125,7.933014,0.048111,7.971695,7.933716,0.047409,557.4937,0.405464,0.88846,82.9576,0.05981,0.301475,0.638716,204800,114174716,6459,464649,31,202,31,202
10350,136.582,99.499,7.98123,7.932968,0.048261,7.970703,7.933762,0.047468,551.2269,0.404033,0.887638,83.1089,0.059121,0.300947,0.639932,204800,112891275,6338,464628,34,202,34,202
10400,137.231,99.97,7.981373,7.934204,0.047169,7.972885,7.933792,0.047581,542.9432,0.406807,0.886067,81.5066,0.058027,0.300059,0.641914,204800,111194772,6285,464625,35,202,35,202
10450,137.916,100.472,7.98135,7.935059,0.046291,7.972641,7.934998,0.046352,544.716,0.408525,0.886201,82.7329,0.058394,0.300664,0.640942,204800,111557828,6330,464747,35,202,35,202
10500,138.549,100.928,7.981494,7.935852,0.045642,7.972137,7.935287,0.046206,546.672,0.406416,0.887008,84.353,0.058521,0.299902,0.641577,204800,111958433,6215,464808,36,202,36,202
10550,139.187,101.389,7.98176,7.936661,0.045099,7.971909,7.935349,0.046411,549.465,0.404624,0.887555,83.4969,0.058901,0.29751,0.643589,204800,112530425,6241,464827,35,202,35,202
10600,139.83,101.855,7.981788,7.936142,0.045646,7.971634,7.934631,0.047157,541.6582,0.405825,0.886356,82.9786,0.057944,0.297402,0.644653,204800,110931603,6310,464794,37,204,37,204
10650,140.469,102.317,7.981895,7.936554,0.045341,7.970047,7.935226,0.046668,541.525,0.405859,0.886039,85.4119,0.057881,0.298506,0.643613,204800,110904317,6257,464787,38,204,38,204
10700,141.103,102.775,7.981794,7.938477,0.043317,7.972717,7.935654,0.04614,547.1994,0.404302,0.887112,86.2308,0.058701,0.29856,0.642739,204800,112066447,6228,464844,37,204,37,204
10750,141.753,103.236,7.981796,7.939575,0.042221,7.969498,7.935989,0.045807,546.6479,0.404673,0.887629,85.803,0.058691,0.2952,0.646108,204800,111953494,6409,464858,35,205,35,205
10800,142.399,103.705,7.98177,7.936737,0.045033,7.970352,7.933868,0.047902,552.5004,0.40501,0.888788,90.9435,0.059482,0.293813,0.646704,204800,113152083,6215,464704,35,206,35,206
10850,143.033,104.16,7.981774,7.938873,0.042901,7.970795,7.93602,0.045754,531.2827,0.404438,0.884357,84.3232,0.056772,0.294634,0.648594,204800,108806701,6295,464815,35,207,35,207
10900,143.667,104.619,7.981692,7.94075,0.040942,7.974899,7.937378,0.044314,542.4291,0.402617,0.886776,87.0434,0.058237,0.293516,0.648247,204800,111089472,6263,464917,34,207,34,207
10950,144.303,105.08,7.981622,7.941849,0.039773,7.973648,7.938385,0.043237,549.7565,0.398384,0.889165,87.6862,0.059209,0.289097,0.651694,204800,112590124,6330,464961,35,208,35,208
11000,144.941,105.54,7.981925,7.94043,0.041495,7.976059,7.939087,0.042838,555.5678,0.399609,0.889527,88.0783,0.059888,0.292109,0.648003,204800,113780285,6312,464934,37,208,37,208
11050,145.579,106.001,7.981987,7.942673,0.039314,7.976044,7.940125,0.041863,542.0096,0.399355,0.88731,83.7377,0.058398,0.289478,0.652124,204800,111003576,6238,465035,37,209,37,209
11100,146.211,106.454,7.981988,7.942963,0.039025,7.977112,7.940308,0.04168,534.8903,0.400464,0.885549,82.5829,0.057563,0.291787,0.650649,204800,109545543,6370,465028,34,209,34,209
11150,146.843,106.91,7.982025,7.943054,0.038971,7.976807,7.940399,0.041626,543.2632,0.395996,0.887993,82.449,0.058496,0.290024,0.651479,204800,111260308,6205,465042,33,209,33,209
11200,147.472,107.362,7.981659,7.940399,0.04126,7.973846,7.939117,0.042542,533.0805,0.398364,0.885232,82.0503,0.057046,0.292964,0.64999,204800,109174887,6423,464913,28,209,28,209
11250,148.105,107.818,7.981775,7.941238,0.040536,7.974731,7.940933,0.040841,538.585,0.399858,0.886167,81.6084,0.057676,0.293506,0.648818,204800,110302215,6295,465032,30,209,30,209
11300,148.736,108.273,7.981663,7.94165,0.040013,7.975388,7.941101,0.040562,534.755,0.398853,0.885893,82.5347,0.057388,0.29043,0.652183,204800,109517823,6351,465036,29,209,29,209
11350,149.368,108.73,7.981814,7.940704,0.041109,7.97438,7.941574,0.04024,546.5263,0.399409,0.888017,82.2529,0.058833,0.291807,0.64936,204800,111928582,6100,465017,29,209,29,209
11400,150.045,109.192,7.981902,7.945496,0.036406,7.97467,7.944077,0.037825,549.5425,0.399453,0.888808,84.9562,0.059292,0.29145,0.649258,204800,112546295,6383,465169,28,209,28,209
11450,150.707,109.646,7.982011,8.000076,-0.018065,7.975555,7.945251,0.03676,544.9627,0.400381,0.887535,81.6201,0.058828,0.291836,0.649336,204800,111608363,6358,465233,29,209,29,209
11500,151.337,110.105,7.982115,8.000076,-0.017961,7.978271,7.94754,0.034575,548.0004,0.399702,0.888471,84.3207,0.059072,0.292183,0.648745,204800,112230476,6138,465369,28,209,28,209
11550,152.016,110.607,7.982182,7.945923,0.036259,7.978363,7.946548,0.035634,541.2622,0.400366,0.886521,83.4007,0.058325,0.295366,0.646309,204800,110850489,6324,465316,25,209,25,209
11600,152.648,111.06,7.982375,7.946426,0.035948,7.981033,7.947906,0.034468,539.2852,0.397959,0.886024,83.8877,0.058027,0.296255,0.645718,204800,110445610,6407,465409,27,209,27,209
11650,153.275,111.514,7.982395,8.000076,-0.017681,7.982376,7.947723,0.034672,532.7637,0.39752,0.884478,81.8159,0.057271,0.295342,0.647388,204800,109110006,6268,465423,29,210,29,210
11700,153.905,111.968,7.982567,8.000076,-0.017509,7.980011,7.948853,0.033715,541.0354,0.397944,0.886111,79.5278,0.058081,0.295049,0.64687,204800,110804056,6213,465475,30,211,30,211
11750,154.537,112.43,7.982339,8.000076,-0.017737,7.981186,7.948059,0.03428,548.2652,0.395942,0.888724,81.3808,0.05916,0.289946,0.650894,204800,112284719,6305,465415,27,211,27,211
11800,155.189,112.899,7.982454,8.000076,-0.017623,7.98082,7.949738,0.032716,549.5799,0.395312,0.888783,80.799,0.059336,0.291001,0.649663,204800,112553971,6307,465524,29,211,29,211
11850,155.829,113.361,7.982461,8.000076,-0.017615,7.980637,7.949661,0.0328,559.6356,0.3973,0.890461,82.6333,0.060479,0.290728,0.648794,204800,114613367,6370,465510,28,211,28,211
11900,156.506,113.828,7.982179,8.000076,-0.017897,7.979584,7.948364,0.033815,560.2505,0.395347,0.891294,84.027,0.060557,0.288462,0.650981,204800,114739308,6327,465423,29,214,29,214
11950,157.165,114.305,7.982111,8.000076,-0.017966,7.97757,7.947571,0.03454,563.6787,0.396333,0.891861,84.9297,0.060874,0.288921,0.650205,204800,115441400,6364,465354,29,215,29,215
12000,157.802,114.767,7.982177,8.000076,-0.0179,7.978241,7.947906,0.03427,544.7656,0.398848,0.887918,83.9842,0.05853,0.290654,0.650815,204800,111567998,6199,465343,30,215,30,215
12050,158.436,115.226,7.981898,8.000076,-0.018178,7.977768,7.946762,0.035136,545.2913,0.39937,0.887693,84.7418,0.058687,0.292783,0.64853,204800,111675653,6309,465256,30,216,30,216
12100,159.09,115.698,7.981976,8.000076,-0.018101,7.976761,7.94519,0.036785,559.8421,0.400737,0.890491,85.9061,0.060376,0.292754,0.64687,204800,114655671,6223,465139,27,216,27,216
12150,159.726,116.158,7.982102,8.000076,-0.017974,7.978775,7.945694,0.036408,543.4481,0.399077,0.887093,82.2361,0.058359,0.293228,0.648413,204800,111298181,6334,465194,29,219,29,219
12200,160.355,116.616,7.982157,7.946136,0.03602,7.976776,7.945023,0.037134,541.7071,0.397856,0.886947,82.5121,0.057964,0.292407,0.649629,204800,110941604,6345,465134,30,219,30,219
12250,161.002,117.084,7.982303,8.000076,-0.017774,7.976929,7.946594,0.035708,553.1762,0.396299,0.88936,83.9533,0.059336,0.292803,0.647861,204800,113290488,6339,465215,31,219,31,219
12300,161.657,117.556,7.982268,8.000076,-0.017808,7.979752,7.947968,0.0343,570.9195,0.397397,0.892336,86.0935,0.061514,0.293872,0.644614,204800,116924316,6391,465308,29,219,29,219
12350,162.311,118.035,7.982522,8.000076,-0.017554,7.980469,7.949631,0.032891,566.1725,0.396587,0.891574,85.7297,0.060767,0.293423,0.645811,204800,115952118,6280,465393,29,221,29,221
12400,162.983,118.537,7.982637,8.000076,-0.01744,7.984695,7.951492,0.031144,571.4942,0.394429,0.893472,87.1201,0.061553,0.290801,0.647646,204800,117042002,6331,465531,31,222,31,222
12450,163.616,119.0,7.982375,8.000076,-0.017702,7.981796,7.950806,0.031569,558.9289,0.392979,0.891482,85.3967,0.060161,0.287783,0.652056,204800,114468646,6313,465507,31,222,31,222
12500,164.274,119.484,7.982265,8.000076,-0.017811,7.981857,7.950684,0.031581,577.9645,0.391548,0.895177,86.7183,0.06249,0.285815,0.651694,204800,118367124,6401,465450,27,222,27,222
12550,164.918,119.957,7.981977,8.000076,-0.018099,7.978989,7.945999,0.035978,572.8985,0.390835,0.894153,88.1158,0.061733,0.284688,0.653579,204800,117329608,6354,465159,25,222,25,222
12600,165.563,120.425,7.9821,8.000076,-0.017977,7.978256,7.945953,0.036146,563.5599,0.392148,0.892257,82.4115,0.060742,0.286548,0.65271,204800,115417063,6141,465140,25,222,25,222
12650,166.204,120.894,7.982298,8.000076,-0.017779,7.979782,7.946716,0.035581,562.2282,0.388911,0.892601,81.3724,0.060669,0.284106,0.655225,204800,115144327,6425,465240,23,222,23,222
12700,166.848,121.365,7.982259,8.000076,-0.017817,7.980347,7.946838,0.03542,571.2891,0.388857,0.89414,85.0743,0.061626,0.283545,0.654829,204800,117000014,6162,465236,24,222,24,222
12750,167.498,121.839,7.981954,7.944885,0.037069,7.978806,7.942886,0.039068,571.8063,0.389351,0.89471,83.5347,0.061909,0.28292,0.655171,204800,117105933,6125,464978,23,222,23,222
12800,168.136,122.302,7.981764,7.941559,0.040206,7.975296,7.941086,0.040679,561.3645,0.391826,0.892644,83.8482,0.060376,0.285386,0.654238,204800,114967445,6229,464860,27,225,27,225
12850,168.767,122.759,7.981513,7.939789,0.041724,7.972809,7.939575,0.041938,551.6969,0.388682,0.890869,81.2982,0.059126,0.286504,0.65437,204800,112987519,6118,464752,26,225,26,225
12900,169.4,123.218,7.981492,7.940735,0.040757,7.975037,7.940857,0.040635,551.8476,0.388848,0.890636,80.2134,0.059019,0.287212,0.65377,204800,113018381,6246,464855,26,225,26,225
12950,170.042,123.682,7.981591,7.943436,0.038155,7.972626,7.941986,0.039605,560.894,0.392349,0.891922,84.4747,0.060273,0.289321,0.650405,204800,114871096,6390,464959,27,225,27,225
13000,170.678,124.143,7.981711,7.943405,0.038306,7.977631,7.942368,0.039343,558.0184,0.392139,0.890865,83.5652,0.060161,0.291558,0.648281,204800,114282175,6335,465030,29,226,29,226
13050,171.325,124.612,7.981621,7.941299,0.040321,7.976547,7.942017,0.039604,560.3236,0.392612,0.891091,83.8184,0.060337,0.290928,0.648735,204800,114754280,6105,465001,29,226,29,226
13100,171.958,125.073,7.981628,7.942261,0.039368,7.975128,7.941147,0.040482,557.4448,0.392158,0.891034,82.6829,0.060093,0.289834,0.650073,204800,114164696,6440,464956,28,226,28,226
13150,172.597,125.536,7.981343,7.937027,0.044316,7.968628,7.938583,0.04276,559.7303,0.394502,0.891714,82.8842,0.060405,0.289336,0.650259,204800,114632756,6282,464863,27,227,27,227
13200,173.257,125.998,7.981273,7.938599,0.042674,7.971085,7.939468,0.041804,557.8707,0.396538,0.890928,82.7467,0.060073,0.291387,0.64854,204800,114251914,6372,464939,24,227,24,227
13250,173.895,126.461,7.981201,7.933716,0.047485,7.965668,7.936035,0.045166,560.2895,0.395688,0.891302,82.1956,0.060278,0.292964,0.646758,204800,114747283,6313,464683,25,228,25,228
13300,174.536,126.927,7.981135,7.935745,0.04539,7.968719,7.937241,0.043894,562.2872,0.39542,0.891629,81.7347,0.0604,0.293589,0.646011,204800,115156410,6341,464808,25,228,25,228
13350,175.174,127.389,7.981211,7.935852,0.045359,7.969299,7.93605,0.045161,556.4838,0.395479,0.890504,84.9313,0.059634,0.293857,0.646509,204800,113967889,6320,464786,27,229,27,229
13400,175.823,127.862,7.98101,7.938324,0.042686,7.968689,7.935165,0.045844,561.2387,0.399497,0.890768,83.4576,0.060132,0.296177,0.643691,204800,114941695,6450,464757,30,229,30,229
13450,176.458,128.323,7.980857,7.937241,0.043617,7.970779,7.935287,0.04557,553.7122,0.399551,0.889551,80.5865,0.059243,0.296064,0.644692,204800,113400258,6311,464784,31,229,31,229
13500,177.104,128.783,7.980732,7.935898,0.044834,7.972214,7.93515,0.045582,546.6522,0.397593,0.888574,81.5085,0.058315,0.294165,0.64752,204800,111954380,6354,464793,32,229,32,229
13550,177.747,129.245,7.980601,7.934448,0.046153,7.969513,7.933746,0.046855,548.0584,0.399473,0.8887,84.5082,0.058735,0.293662,0.647603,204800,112242354,6173,464727,34,229,34,229
13600,178.383,129.705,7.9804,7.935379,0.045021,7.969421,7.933914,0.046486,544.9573,0.401826,0.887589,82.136,0.058237,0.295542,0.646221,204800,111607246,6400,464809,37,229,37,229
13650,179.047,130.163,7.980493,7.934753,0.04574,7.973709,7.935349,0.045145,538.419,0.402109,0.886198,81.0539,0.057466,0.295093,0.647441,204800,110268204,6305,464991,38,229,38,229
13700,179.708,130.642,7.980792,7.936462,0.044329,7.973145,7.934296,0.046496,538.6707,0.401328,0.886254,79.5171,0.057402,0.295586,0.647012,204800,110319750,6218,464876,37,229,37,229
13750,180.377,131.136,7.980641,7.936218,0.044422,7.970642,7.934448,0.046192,536.9195,0.403018,0.885494,79.8093,0.057017,0.298262,0.644722,204800,109961113,6361,464866,40,231,40,231
13800,181.009,131.591,7.980539,7.934921,0.045618,7.971085,7.934464,0.046076,530.9897,0.404609,0.883727,79.1597,0.056299,0.299497,0.644204,204800,108746700,6174,464928,36,231,36,231
13850,181.672,132.059,7.980619,7.937988,0.042631,7.970245,7.934662,0.045958,545.7335,0.403618,0.88695,78.8148,0.058081,0.298813,0.643105,204800,111766212,6275,464924,35,231,35,231
13900,182.305,132.519,7.980651,7.936798,0.043853,7.971054,7.932831,0.04782,542.7583,0.404668,0.885951,76.9813,0.057871,0.30042,0.641709,204800,111156901,6317,464814,35,231,35,231
13950,182.987,133.027,7.980438,7.933456,0.046982,7.970261,7.931503,0.048935,537.4193,0.403608,0.885165,76.9024,0.057192,0.300786,0.642021,204800,110063466,6366,464789,34,231,34,231
14000,183.648,133.493,7.980347,7.934708,0.045639,7.97142,7.931717,0.04863,554.6045,0.405771,0.888768,80.5825,0.059355,0.29876,0.641885,204800,113583005,6245,464823,32,231,32,231
14050,184.297,133.958,7.980253,7.935059,0.045195,7.971939,7.932175,0.048078,548.1294,0.40731,0.887252,77.9816,0.058691,0.299111,0.642197,204800,112256898,6361,464859,31,231,31,231
14100,184.944,134.426,7.980189,7.935028,0.045161,7.97171,7.933701,0.046488,552.7923,0.405815,0.888357,78.388,0.059458,0.298784,0.641758,204800,113211862,6359,464945,33,231,33,231
14150,185.631,134.935,7.980394,7.933685,0.046708,7.970779,7.933502,0.046892,545.1453,0.40478,0.887457,76.7912,0.058447,0.296763,0.64479,204800,111645752,6222,464897,35,231,35,231
14200,186.305,135.435,7.980611,7.938873,0.041738,7.972168,7.934326,0.046285,545.0971,0.407305,0.887073,76.9669,0.058604,0.299746,0.64165,204800,111635879,6330,464911,34,231,34,231
14250,186.931,135.885,7.980519,7.939468,0.041051,7.973846,7.934052,0.046467,535.6518,0.410122,0.884956,76.1354,0.057334,0.299097,0.643569,204800,109701482,6257,464858,32,231,32,231
14300,187.565,136.342,7.980576,7.940811,0.039765,7.974442,7.934921,0.045655,546.748,0.410488,0.887215,78.5627,0.05876,0.297949,0.643291,204800,111973999,6334,464923,31,231,31,231
14350,188.188,136.788,7.980597,7.941193,0.039404,7.976181,7.935471,0.045127,528.786,0.408335,0.883322,75.6815,0.056582,0.299526,0.643892,204800,108295366,6268,464948,29,231,29,231
14400,188.828,137.245,7.980658,7.941986,0.038672,7.973526,7.935593,0.045065,545.7633,0.407178,0.886811,76.1388,0.058618,0.299331,0.642051,204800,111772325,6339,464940,28,231,28,231
14450,189.495,137.736,7.980505,7.939972,0.040533,7.975861,7.935516,0.044989,539.2494,0.409048,0.885027,75.4093,0.057686,0.300957,0.641357,204800,110438268,6286,464923,29,232,29,232
14500,190.135,138.201,7.980451,7.942627,0.037824,7.977966,7.937637,0.042814,548.2233,0.407891,0.886653,77.9249,0.058931,0.301626,0.639443,204800,112276141,6370,465032,29,234,29,234
14550,190.77,138.656,7.98049,7.943054,0.037436,7.976715,7.937103,0.043387,539.7478,0.409692,0.884816,77.9867,0.057871,0.302534,0.639595,204800,110540344,6306,464990,32,234,32,234
14600,191.401,139.111,7.979956,7.938828,0.041129,7.974731,7.934875,0.045081,540.2842,0.410386,0.885331,77.212,0.058003,0.30021,0.641787,204800,110650202,6164,464815,31,235,31,235
14650,192.041,139.574,7.980114,7.938889,0.041225,7.972595,7.933212,0.046901,546.0322,0.407905,0.886181,74.3709,0.058745,0.301963,0.639292,204800,111827398,6261,464719,31,235,31,235
14700,192.682,140.035,7.980095,7.93634,0.043755,7.974854,7.933029,0.047066,545.3726,0.407998,0.885902,78.8039,0.058511,0.301709,0.63978,204800,111692305,6170,464733,31,236,31,236
14750,193.35,140.529,7.980161,7.937592,0.04257,7.97554,7.93515,0.045011,545.8629,0.406226,0.886348,76.4737,0.058647,0.301807,0.639546,204800,111792723,6415,464817,29,236,29,236
14800,193.987,140.981,7.980205,7.938065,0.04214,7.973816,7.933151,0.047053,537.2203,0.407153,0.88468,77.0428,0.057637,0.301206,0.641157,204800,110022721,6335,464748,27,237,27,237
14850,194.619,141.437,7.980308,7.935837,0.044471,7.970337,7.932785,0.047523,538.9987,0.405854,0.885264,75.8619,0.057861,0.301411,0.640728,204800,110386931,6198,464765,27,237,27,237
14900,195.251,141.894,7.980136,7.933487,0.046649,7.968689,7.929337,0.0508,541.3431,0.406602,0.885005,76.5002,0.058149,0.303008,0.638843,204800,110867057,6402,464544,32,237,32,237
14950,195.885,142.35,7.979969,7.93396,0.046009,7.966141,7.927658,0.052311,538.6648,0.407368,0.884453,75.7427,0.057729,0.302388,0.639883,204800,110318544,6276,464446,34,237,34,237
15000,196.568,142.851,7.979774,7.934296,0.045479,7.966629,7.928955,0.050819,554.8554,0.405518,0.888158,76.995,0.060059,0.300293,0.639648,204800,113634387,6334,464469,36,237,36,237
15050,197.207,143.313,7.979739,7.934906,0.044833,7.96785,7.929733,0.050006,551.2541,0.406982,0.887165,73.7662,0.059609,0.299878,0.640513,204800,112896840,6179,464534,32,237,32,237
15100,197.847,143.773,7.979746,7.934204,0.045542,7.971329,7.93161,0.048136,548.9115,0.407349,0.886896,74.1313,0.059287,0.300654,0.640059,204800,112417069,6259,464649,33,237,33,237
15150,198.513,144.256,7.979563,7.936142,0.043421,7.972366,7.932098,0.047464,562.4034,0.407065,0.89009,76.0829,0.06085,0.296992,0.642158,204800,115180211,6309,464688,39,238,39,238
15200,199.161,144.724,7.979687,7.935028,0.044658,7.974335,7.933304,0.046383,560.2921,0.406328,0.890154,75.1536,0.060635,0.29585,0.643516,204800,114747824,6266,464769,37,238,37,238
15250,199.809,145.19,7.979742,7.936447,0.043294,7.975159,7.934296,0.045446,562.02,0.404839,0.890536,74.058,0.060732,0.294302,0.644966,204800,115101703,6382,464832,38,238,38,238
15300,200.503,145.696,7.979935,7.940948,0.038987,7.975098,7.936539,0.043397,567.6949,0.402183,0.891431,75.8791,0.061406,0.295669,0.642925,204800,116263925,6365,464931,38,238,38,238
15350,201.164,146.179,7.979908,7.942001,0.037907,7.974915,7.936859,0.043049,571.8747,0.399858,0.892504,78.2591,0.061963,0.29397,0.644067,204800,117119947,6346,464963,37,238,37,238
15400,201.827,146.664,7.980015,7.94075,0.039264,7.974091,7.937531,0.042484,581.1334,0.402314,0.894026,79.5497,0.063115,0.294209,0.642676,204800,119016115,6470,464992,38,238,38,238
15450,202.486,147.146,7.980141,7.940872,0.039269,7.976944,7.938751,0.04139,577.7398,0.400137,0.89413,78.7971,0.062642,0.29082,0.646538,204800,118321113,6271,465019,38,238,38,238
15500,203.158,147.64,7.980181,7.941422,0.03876,7.978729,7.939011,0.041171,589.1056,0.401187,0.895733,80.0679,0.064014,0.292871,0.643115,204800,120648837,6210,465024,38,238,38,238
15550,203.838,148.141,7.980066,7.943024,0.037042,7.97583,7.939224,0.040842,585.8876,0.401138,0.895433,80.2351,0.063594,0.292002,0.644404,204800,119989777,6421,464994,37,238,37,238
15600,204.495,148.623,7.979928,7.941132,0.038797,7.977127,7.939163,0.040765,583.6306,0.402578,0.894924,80.6741,0.063496,0.291587,0.644917,204800,119527557,6303,464971,36,238,36,238
15650,205.162,149.112,7.980038,7.939758,0.04028,7.976501,7.938766,0.041272,579.3674,0.400439,0.894516,80.2317,0.062754,0.291187,0.64606,204800,118654438,6304,465003,34,238,34,238
15700,205.814,149.589,7.980418,7.94104,0.039378,7.981689,7.940079,0.040339,582.119,0.401475,0.895028,80.149,0.063086,0.291479,0.645435,204800,119217976,6401,465120,34,238,34,238
15750,206.507,150.103,7.98061,7.941055,0.039555,7.982773,7.941086,0.039524,576.4025,0.398125,0.894387,82.3758,0.062407,0.289517,0.648076,204800,118047242,6267,465164,35,238,35,238
15800,207.16,150.58,7.980574,7.942886,0.037687,7.978455,7.941498,0.039076,580.2069,0.402559,0.894569,82.7694,0.062983,0.29146,0.645557,204800,118826363,6380,465176,33,238,33,238
15850,207.806,151.053,7.980766,7.942261,0.038505,7.973953,7.939011,0.041755,574.1318,0.403276,0.892965,83.3139,0.062192,0.294233,0.643574,204800,117582195,6211,464986,32,239,32,239
15900,208.466,151.535,7.980753,7.939392,0.041361,7.976593,7.939087,0.041667,579.0715,0.400503,0.8943,85.8307,0.062773,0.29313,0.644097,204800,118593836,6388,464924,30,239,30,239
15950,209.12,152.011,7.980981,7.941376,0.039605,7.974884,7.940918,0.040063,577.0452,0.399092,0.893805,84.0175,0.062568,0.295127,0.642305,204800,118178850,6385,465083,30,239,30,239
16000,209.771,152.483,7.980988,7.945099,0.035889,7.979279,7.942123,0.038865,572.629,0.400298,0.893343,84.4228,0.062021,0.29415,0.643828,204800,117274415,6350,465179,29,239,29,239
16050,210.421,152.959,7.981137,7.943283,0.037854,7.977936,7.942261,0.038877,575.0433,0.40397,0.893438,87.3871,0.062153,0.294624,0.643223,204800,117768859,6240,465179,29,239,29,239
16100,211.079,153.437,7.981085,7.94426,0.036825,7.980194,7.944031,0.037054,574.6824,0.404546,0.893858,87.4852,0.061909,0.292944,0.645146,204800,117694959,6249,465269,35,240,35,240
16150,211.775,153.939,7.98105,7.942261,0.03879,7.980453,7.943878,0.037172,575.5107,0.402676,0.894087,86.8369,0.062329,0.291079,0.646592,204800,117864591,6398,465274,36,240,36,240
16200,212.424,154.412,7.981161,7.944885,0.036276,7.979248,7.944534,0.036627,570.8214,0.405205,0.892752,86.0656,0.061572,0.293418,0.64501,204800,116904219,6417,465306,34,241,34,241
16250,213.066,154.883,7.98125,8.000076,-0.018826,7.980499,7.945435,0.035815,571.9658,0.406045,0.892961,83.75,0.061738,0.293618,0.644644,204800,117138587,6312,465369,32,241,32,241
16300,213.728,155.351,7.980975,7.944412,0.036563,7.977188,7.943024,0.037951,564.6656,0.407363,0.891664,82.5461,0.060845,0.292998,0.646157,204800,115643516,6168,465196,33,241,33,241
16350,214.378,155.823,7.980814,7.941696,0.039118,7.975388,7.940964,0.039851,568.2945,0.406826,0.892169,83.009,0.061279,0.293555,0.645166,204800,116386717,6364,465066,29,241,29,241
16400,215.03,156.292,7.980644,7.94133,0.039314,7.976868,7.940628,0.040016,564.5016,0.407256,0.891436,84.6083,0.060806,0.293867,0.645327,204800,115609932,6267,465109,30,241,30,241
16450,215.698,156.782,7.980752,7.94014,0.040612,7.974579,7.938904,0.041848,578.418,0.407134,0.893943,87.4041,0.0625,0.293857,0.643643,204800,118460007,6350,464934,30,241,30,241
16500,216.342,157.251,7.980595,7.939255,0.04134,7.9729,7.938141,0.042454,563.2546,0.405669,0.891276,85.6228,0.060654,0.292739,0.646606,204800,115354551,6368,464901,28,241,28,241
16550,216.987,157.72,7.980667,7.94191,0.038757,7.971756,7.938217,0.042449,562.8335,0.404536,0.89097,83.5908,0.06083,0.292627,0.646543,204800,115268307,6124,464920,31,241,31,241
16600,217.663,158.191,7.980836,7.942154,0.038682,7.972534,7.937973,0.042863,565.8314,0.403057,0.891778,83.834,0.061177,0.290664,0.648159,204800,115882261,6333,464901,30,241,30,241
16650,218.365,158.684,7.981018,7.944702,0.036316,7.976395,7.941101,0.039917,576.0033,0.402217,0.894139,84.5152,0.062559,0.289072,0.648369,204800,117965483,6163,465080,28,241,28,241
16700,219.032,159.167,7.981206,7.943787,0.03742,7.978363,7.942551,0.038656,570.2431,0.405029,0.892918,86.4819,0.061841,0.290513,0.647646,204800,116785796,6243,465196,30,241,30,241
16750,219.691,159.652,7.981372,7.942566,0.038806,7.97995,7.943008,0.038364,582.4579,0.404092,0.895328,89.2759,0.063301,0.289829,0.64687,204800,119287387,6359,465137,29,241,29,241
16800,220.347,160.132,7.981199,7.94342,0.037778,7.980835,7.942307,0.038892,576.3714,0.404507,0.89409,87.1781,0.062437,0.289468,0.648096,204800,118040859,6347,465140,33,241,33,241
16850,221.011,160.616,7.981247,7.945419,0.035827,7.981247,7.943573,0.037674,582.8238,0.406733,0.895247,85.3315,0.063154,0.289688,0.647158,204800,119362317,6289,465207,37,242,37,242
16900,221.701,161.103,7.98113,7.944672,0.036458,7.981384,7.943741,0.037389,582.809,0.40751,0.89497,88.1462,0.063188,0.292227,0.644585,204800,119359281,6321,465235,36,242,36,242
16950,222.362,161.591,7.981186,8.000076,-0.018891,7.983322,7.945724,0.035461,587.132,0.407222,0.895665,87.4922,0.063687,0.291533,0.64478,204800,120244632,6370,465373,33,242,33,242
17000,223.015,162.071,7.981301,8.000076,-0.018775,7.982773,7.944992,0.036309,581.4068,0.405342,0.895024,89.4714,0.063071,0.290957,0.645972,204800,119072115,6303,465285,37,244,37,244
17050,223.684,162.562,7.981492,7.945587,0.035905,7.980789,7.945572,0.03592,583.8451,0.409629,0.894996,89.2367,0.063491,0.293799,0.64271,204800,119571473,6304,465324,36,244,36,244
17100,224.383,163.086,7.981564,7.944473,0.037091,7.980881,7.944427,0.037137,579.8422,0.408394,0.894508,93.3186,0.062969,0.293481,0.64355,204800,118751683,6297,465242,35,244,35,244
17150,225.039,163.566,7.981722,7.944366,0.037356,7.982544,7.945145,0.036577,582.5689,0.406763,0.894978,93.1117,0.06332,0.294458,0.642222,204800,119310105,6355,465321,35,244,35,244
17200,225.701,164.048,7.981564,7.945175,0.036389,7.980087,7.945572,0.035992,581.9869,0.407153,0.894426,92.3454,0.063159,0.295571,0.64127,204800,119190924,6308,465317,32,244,32,244
17250,226.351,164.526,7.981536,8.000076,-0.01854,7.978806,7.945877,0.035659,578.6306,0.407021,0.893678,92.5574,0.062744,0.296807,0.640449,204800,118503541,6267,465280,32,244,32,244
17300,227.003,165.001,7.981442,8.000076,-0.018635,7.98204,7.946289,0.035153,569.8654,0.406436,0.892028,90.1986,0.061631,0.29751,0.640859,204800,116708437,6299,465207,32,244,32,244
17350,227.666,165.487,7.981652,8.000076,-0.018424,7.979675,7.946793,0.03486,587.5098,0.405679,0.895864,93.9664,0.06377,0.29415,0.64208,204800,120322012,6296,465221,31,244,31,244
17400,228.33,165.974,7.981505,8.000076,-0.018572,7.978455,7.94429,0.037215,589.3485,0.406465,0.896117,91.9994,0.063955,0.293843,0.642202,204800,120698563,6204,465073,32,244,32,244
17450,229.0,166.463,7.981383,7.94487,0.036513,7.97551,7.943802,0.037581,589.9211,0.406128,0.896278,94.227,0.063965,0.292705,0.64333,204800,120815835,6274,465021,32,244,32,244
17500,229.716,166.979,7.981199,7.943359,0.037839,7.976166,7.94371,0.037488,590.781,0.405645,0.896556,93.3458,0.064102,0.292495,0.643403,204800,120991955,6265,465030,31,244,31,244
17550,230.394,167.48,7.980978,8.000076,-0.019099,7.975128,7.94313,0.037847,584.72,0.406104,0.896212,91.6899,0.063354,0.288174,0.648472,204800,119750657,6328,464975,30,244,30,244
17600,231.067,167.979,7.980955,7.94313,0.037825,7.97612,7.943146,0.03781,597.9624,0.404595,0.898114,95.4948,0.065063,0.28877,0.646167,204800,122462708,6135,464992,30,244,30,244
17650,231.759,168.488,7.981179,7.944244,0.036934,7.975327,7.944763,0.036415,596.7102,0.40686,0.897883,95.2304,0.064731,0.29002,0.645249,204800,122206242,6241,465061,32,245,32,245
17700,232.482,169.006,7.981152,7.944214,0.036938,7.97554,7.942459,0.038693,606.9839,0.405664,0.899538,97.5251,0.066021,0.289517,0.644463,204800,124310304,6103,464938,29,245,29,245
17750,233.156,169.502,7.981283,7.943665,0.037618,7.976547,7.941833,0.039449,597.2517,0.407104,0.897667,93.735,0.064805,0.291484,0.643711,204800,122317155,6231,464912,30,246,30,246
17800,233.829,169.997,7.981434,7.942978,0.038456,7.977325,7.941666,0.039768,598.7132,0.405566,0.897727,94.4352,0.064893,0.292183,0.642925,204800,122616471,6320,464903,28,246,28,246
17850,234.506,170.496,7.981293,7.94397,0.037323,7.977661,7.943054,0.038239,610.4482,0.406021,0.899966,96.9842,0.066348,0.289521,0.644131,204800,125019789,6177,465001,27,246,27,246
17900,235.187,170.999,7.981383,7.944992,0.036391,7.979446,7.94339,0.037993,611.7212,0.403638,0.900824,96.6219,0.06665,0.286562,0.646787,204800,125280507,6192,465066,27,246,27,246
17950,235.896,171.506,7.981575,8.000076,-0.018502,7.981049,7.945297,0.036277,604.281,0.406807,0.899141,97.5126,0.065859,0.288633,0.645508,204800,123756752,6430,465180,30,246,30,246
18000,236.58,172.005,7.981778,8.000076,-0.018299,7.982132,7.948288,0.03349,613.4618,0.405884,0.900735,95.1034,0.066763,0.288325,0.644912,204800,125636975,6296,465315,32,246,32,246
18050,237.259,172.509,7.981899,8.000076,-0.018177,7.98288,7.948914,0.032986,624.6049,0.40312,0.902858,98.2474,0.06833,0.286104,0.645566,204800,127919091,6370,465330,32,246,32,246
18100,237.941,173.012,7.981733,8.000076,-0.018343,7.978775,7.945999,0.035734,629.0677,0.403003,0.903293,98.2099,0.068823,0.287407,0.64377,204800,128833055,6312,465137,32,246,32,246
18150,238.622,173.515,7.981602,7.943146,0.038456,7.979248,7.945587,0.036015,625.2544,0.405137,0.902239,97.9655,0.068149,0.290391,0.64146,204800,128052094,6245,465106,33,246,33,246
18200,239.358,174.059,7.981609,8.000076,-0.018468,7.97998,7.945297,0.036311,624.7918,0.403647,0.902509,99.4016,0.068096,0.288198,0.643706,204800,127957360,6247,465128,32,246,32,246
18250,240.037,174.565,7.981657,8.000076,-0.018419,7.979706,7.945984,0.035674,626.5454,0.401157,0.902998,101.0796,0.068198,0.286294,0.645508,204800,128316497,6385,465146,31,246,31,246
18300,240.714,175.064,7.981832,8.000076,-0.018244,7.980515,7.947601,0.034231,618.7294,0.401274,0.901762,100.8885,0.067236,0.286377,0.646387,204800,126715783,6285,465248,30,246,30,246
18350,241.412,175.589,7.981852,8.000076,-0.018225,7.977646,7.946625,0.035227,635.8776,0.402646,0.904398,103.9925,0.069365,0.287817,0.642817,204800,130227732,6266,465194,30,247,30,247
18400,242.096,176.102,7.981823,8.000076,-0.018254,7.977203,7.945557,0.036266,633.7086,0.399971,0.904301,104.8738,0.069292,0.286362,0.644346,204800,129783515,6311,465127,31,247,31,247
18450,242.793,176.629,7.981816,8.000076,-0.01826,7.979797,7.945374,0.036442,634.6969,0.402754,0.904518,103.694,0.069507,0.2854,0.645093,204800,129985916,6114,465111,31,247,31,247
18500,243.473,177.135,7.981728,8.000076,-0.018348,7.979752,7.946396,0.035332,627.2301,0.400005,0.903451,99.5975,0.068379,0.286646,0.644976,204800,128456722,6362,465130,32,247,32,247
18550,244.172,177.659,7.982065,8.000076,-0.018011,7.980362,7.94751,0.034555,645.7291,0.400146,0.906219,102.4436,0.070786,0.285283,0.643931,204800,132245317,6295,465228,32,247,32,247
18600,244.916,178.225,7.982188,8.000076,-0.017888,7.978714,7.946793,0.035396,645.7326,0.401118,0.905968,103.1191,0.070845,0.287783,0.641372,204800,132246030,6275,465212,33,247,33,247
18650,245.62,178.756,7.98226,8.000076,-0.017816,7.981216,7.948715,0.033545,650.164,0.399346,0.907296,103.98,0.071357,0.284067,0.644575,204800,133153585,6310,465303,33,247,33,247
18700,246.319,179.281,7.982361,8.000076,-0.017716,7.977783,7.947159,0.035202,649.8155,0.396333,0.907099,102.7314,0.071357,0.285972,0.642671,204800,133082205,6296,465190,33,247,33,247
18750,247.012,179.799,7.982507,8.000076,-0.017569,7.975555,7.945419,0.037088,642.5337,0.398667,0.905839,101.7834,0.070474,0.286318,0.643208,204800,131590899,6264,465088,33,247,33,247
18800,247.713,180.326,7.982576,8.000076,-0.0175,7.979538,7.947754,0.034822,652.9904,0.397266,0.907703,106.89,0.071885,0.285552,0.642563,204800,133732427,6382,465231,32,247,32,247
18850,248.404,180.844,7.982394,8.000076,-0.017682,7.979965,7.948166,0.034228,641.0598,0.399878,0.906245,101.9276,0.070479,0.285264,0.644258,204800,131289055,6293,465207,33,247,33,247
18900,249.101,181.369,7.982515,8.000076,-0.017561,7.976547,7.946823,0.035692,647.7617,0.39603,0.907345,99.6831,0.071299,0.283281,0.64542,204800,132661598,6394,465114,30,247,30,247
18950,249.789,181.884,7.982945,8.000076,-0.017131,7.977936,7.948746,0.034199,641.4144,0.400156,0.906029,99.4984,0.07064,0.286943,0.642417,204800,131361679,6156,465242,29,247,29,247
19000,250.514,182.435,7.983084,8.000076,-0.016993,7.97789,7.949799,0.033285,646.6956,0.400166,0.906875,101.0512,0.07125,0.28584,0.64291,204800,132443260,6252,465255,33,248,33,248
19050,251.219,182.965,7.982999,8.000076,-0.017078,7.975708,7.94783,0.035169,651.1682,0.401597,0.907501,99.2867,0.071655,0.286211,0.642134,204800,133359238,6288,465119,32,248,32,248
19100,251.923,183.493,7.983087,8.000076,-0.016989,7.977676,7.949905,0.033182,659.6227,0.400767,0.908486,103.1243,0.072734,0.286216,0.64105,204800,135090723,6312,465234,31,248,31,248
19150,252.627,184.026,7.982953,8.000076,-0.017123,7.98082,7.950348,0.032605,651.3823,0.398682,0.907986,98.3638,0.071494,0.284517,0.643989,204800,133403102,6290,465206,31,249,31,249
19200,253.317,184.542,7.982912,8.000076,-0.017164,7.980087,7.949265,0.033647,650.0232,0.396577,0.90765,100.6034,0.071294,0.28439,0.644316,204800,133124755,6411,465136,27,249,27,249
19250,254.035,185.071,7.982899,8.000076,-0.017177,7.980698,7.95076,0.032139,663.2084,0.396831,0.909915,102.7989,0.072959,0.280439,0.646602,204800,135825085,6248,465211,28,249,28,249
19300,254.733,185.595,7.982806,8.000076,-0.01727,7.981552,7.950058,0.032748,654.5637,0.398101,0.908688,102.7952,0.071675,0.282124,0.646201,204800,134054640,6309,465149,29,249,29,249
19350,255.471,186.162,7.982825,8.000076,-0.017252,7.977112,7.949341,0.033484,657.3244,0.398496,0.909348,101.7423,0.072168,0.278525,0.649307,204800,134620039,6290,465192,27,249,27,249
19400,256.154,186.672,7.982753,8.000076,-0.017323,7.979462,7.948212,0.034541,639.0714,0.398516,0.906426,98.092,0.069937,0.280605,0.649458,204800,130881819,6176,465155,27,249,27,249
19450,256.834,187.18,7.982861,8.000076,-0.017216,7.979614,7.948013,0.034847,635.681,0.398979,0.905856,94.164,0.069536,0.280972,0.649492,204800,130187472,6179,465171,26,249,26,249
19500,257.513,187.687,7.982573,8.000076,-0.017504,7.979141,7.946747,0.035826,633.9009,0.39979,0.905782,95.8315,0.069404,0.281416,0.64918,204800,129822904,6226,465071,26,249,26,249
19550,258.197,188.194,7.982489,8.000076,-0.017587,7.978073,7.945511,0.036978,626.9896,0.400693,0.904392,95.6261,0.068271,0.283418,0.648311,204800,128407468,6240,465007,29,249,29,249
19600,258.872,188.696,7.982295,8.000076,-0.017781,7.976974,7.945511,0.036784,620.0616,0.400405,0.903133,94.9032,0.067642,0.285044,0.647314,204800,126988610,6269,465015,31,249,31,249
19650,259.553,189.199,7.981997,7.943069,0.038928,7.975632,7.943451,0.038546,615.1461,0.401323,0.902542,92.1464,0.067109,0.284409,0.648481,204800,125981931,6310,464905,30,249,30,249
19700,260.229,189.695,7.9817,7.941574,0.040126,7.975632,7.942169,0.039531,613.2047,0.400127,0.902421,90.532,0.067036,0.282681,0.650283,204800,125584314,6317,464812,34,250,34,250
19750,260.903,190.192,7.981217,7.939621,0.041596,7.973755,7.94017,0.041047,615.1579,0.400669,0.902849,90.6153,0.067344,0.282017,0.65064,204800,125984335,6295,464694,37,250,37,250
19800,261.581,190.685,7.981293,7.939178,0.042115,7.973801,7.94101,0.040284,609.2753,0.400952,0.901791,92.9554,0.066558,0.281836,0.651606,204800,124779590,6389,464766,36,250,36,250
19850,262.26,191.179,7.981261,7.941101,0.04016,7.975067,7.941238,0.040022,605.4484,0.397271,0.901425,88.9824,0.066152,0.281323,0.652524,204800,123995834,6365,464807,38,252,38,252
19900,262.947,191.69,7.981394,7.942596,0.038798,7.977234,7.943405,0.037989,621.5791,0.400576,0.903472,91.724,0.068018,0.282559,0.649424,204800,127299405,6357,464907,40,252,40,252
19950,263.617,192.185,7.981245,7.943649,0.037596,7.978241,7.94371,0.037535,616.0544,0.398569,0.902754,90.3892,0.067422,0.281572,0.651006,204800,126167936,6426,464954,39,252,39,252
20000,264.291,192.675,7.981229,7.943375,0.037854,7.974045,7.944046,0.037183,607.4411,0.400747,0.900838,92.9362,0.066323,0.285674,0.648003,204800,124403935,6426,464994,35,252,35,252
